-- =============================================================
-- SharkSense: Data Load Script
-- File: load_data.sql
-- Run AFTER create_tables.sql
-- =============================================================
USE sharksense;

-- ===== 1. SECTORS =====
INSERT INTO sectors (sector_id, industry_name, broad_category) VALUES
  (1, 'Agriculture', 'Industrial'),
  (2, 'Animal/Pets', 'Consumer'),
  (3, 'Beauty/Fashion', 'Consumer'),
  (4, 'Business Services', 'Industrial'),
  (5, 'Children/Education', 'Consumer'),
  (6, 'Electronics', 'Technology'),
  (7, 'Entertainment', 'Consumer'),
  (8, 'Fitness/Sports/Outdoors', 'Health'),
  (9, 'Food and Beverage', 'Consumer'),
  (10, 'Green/CleanTech', 'Sustainability'),
  (11, 'Hardware', 'Technology'),
  (12, 'Lifestyle/Home', 'Consumer'),
  (13, 'Liquor/Alcohol', 'Consumer'),
  (14, 'Manufacturing', 'Industrial'),
  (15, 'Medical/Health', 'Health'),
  (16, 'Others', 'Others'),
  (17, 'Technology/Software', 'Technology'),
  (18, 'Vehicles/Electrical Vehicles', 'Technology');

-- ===== 2. PITCHES =====
INSERT INTO pitches
  (pitch_id, startup_name, season_number, episode_number, sector_id,
   ask_amount_lakhs, ask_equity_pct, asked_valuation, yearly_revenue,
   monthly_sales, gross_margin_pct, started_year, bootstrapped, has_patents)
VALUES
  (1, 'BluePineFoods', 1, 1, 9, 50.0, 5.0, 1000.0, 95.0, 8.0, NULL, 2016, NULL, NULL),
  (2, 'BoozScooters', 1, 1, 18, 40.0, 15.0, 267.0, 4.0, 0.4, NULL, 2017, NULL, NULL),
  (3, 'HeartUpMySleeves', 1, 1, 3, 25.0, 10.0, 250.0, NULL, 2.0, NULL, 2021, NULL, NULL),
  (4, 'TagzFoods', 1, 2, 9, 70.0, 1.0, 7000.0, 700.0, NULL, 48.0, 2019, NULL, NULL),
  (5, 'HeadAndHeart', 1, 2, 5, 50.0, 5.0, 1000.0, 30.0, NULL, NULL, 2015, NULL, NULL),
  (6, 'Agritourism', 1, 2, 1, 50.0, 5.0, 1000.0, 79.0, NULL, NULL, 2005, NULL, NULL),
  (7, 'qZenseLabs', 1, 3, 9, 100.0, 0.25, 40000.0, 25.0, 15.0, NULL, 2020, NULL, 'yes'),
  (8, 'Peeschute', 1, 3, 3, 75.0, 4.0, 1875.0, 100.0, NULL, NULL, 2019, NULL, NULL),
  (9, 'NOCD', 1, 3, 9, 50.0, 2.0, 2500.0, NULL, 20.0, NULL, 2019, NULL, NULL),
  (10, 'CosIQ', 1, 4, 3, 50.0, 7.5, 667.0, 0.0, 4.0, 75.0, 2021, NULL, NULL),
  (11, 'JhaJiAchaar', 1, 4, 9, 50.0, 10.0, 500.0, NULL, 5.0, 18.0, 2021, NULL, NULL),
  (12, 'Bummer', 1, 4, 3, 75.0, 4.0, 1875.0, 36.0, 15.0, 70.0, 2020, NULL, NULL),
  (13, 'RevampMoto', 1, 5, 18, 100.0, 1.0, 10000.0, NULL, 0.01, NULL, 2021, NULL, NULL),
  (14, 'HungryHead', 1, 5, 9, 50.0, 5.0, 1000.0, NULL, 5.5, NULL, 2013, NULL, NULL),
  (15, 'ShrawaniEngineers', 1, 5, 3, 20.0, 10.0, 200.0, 50.0, NULL, NULL, 2019, NULL, NULL),
  (16, 'SkippiIcePops', 1, 6, 9, 45.0, 5.0, 900.0, NULL, 7.5, NULL, 2021, NULL, 'yes'),
  (17, 'Menstrupedia', 1, 6, 5, 50.0, 10.0, 500.0, 115.0, NULL, 27.0, 2012, NULL, NULL),
  (18, 'Hecoll', 1, 6, 3, 100.0, 1.0, 10000.0, 107.0, NULL, NULL, 2019, NULL, NULL),
  (19, 'RaisingSuperstars', 1, 7, 5, 100.0, 2.0, 5000.0, 1300.0, NULL, NULL, 2020, NULL, NULL),
  (20, 'Torch-it', 1, 7, 5, 75.0, 1.0, 7500.0, 260.0, 1.0, NULL, 2018, NULL, 'yes'),
  (21, 'Kavach', 1, 7, 5, 5.0, 10.0, 50.0, NULL, NULL, NULL, 2018, NULL, NULL),
  (22, 'LaKheerDeli', 1, 7, 9, 50.0, 7.5, 667.0, NULL, 6.0, NULL, 2018, NULL, NULL),
  (23, 'BeyondSnack', 1, 8, 9, 50.0, 2.5, 2000.0, 60.0, 20.6, 51.0, 2020, NULL, NULL),
  (24, 'VivalyfInnovations', 1, 8, 15, 56.0, 7.5, 747.0, 0.0, NULL, NULL, 2021, NULL, NULL),
  (25, 'MotionBreeze', 1, 8, 18, 30.0, 3.0, 1000.0, 0.0, NULL, NULL, 2018, NULL, 'yes'),
  (26, 'Altor', 1, 9, 14, 50.0, 5.0, 1000.0, NULL, NULL, NULL, 2019, NULL, NULL),
  (27, 'Ariro', 1, 9, 14, 50.0, 2.5, 2000.0, 300.0, 25.0, 50.0, 2020, NULL, NULL),
  (28, 'KabiraHandmad', 1, 9, 9, 100.0, 5.0, 2000.0, NULL, 160.0, 3.0, 1998, NULL, NULL),
  (29, 'Nuutjob', 1, 10, 3, 25.0, 5.0, 500.0, NULL, 0.002, 70.0, 2021, NULL, NULL),
  (30, 'Meatyour', 1, 10, 9, 30.0, 5.0, 600.0, 130.0, 2.8, 30.0, 2020, NULL, NULL),
  (31, 'EventBeep', 1, 10, 5, 30.0, 2.0, 1500.0, 120.0, NULL, NULL, 2019, NULL, NULL),
  (32, 'Gopal''s56', 1, 11, 9, 30000.0, 25.0, 120000.0, 80.0, 33.0, 21.0, 2014, NULL, NULL),
  (33, 'ARRCOATSurfaceTextures', 1, 11, 14, 50.0, 5.0, 1000.0, NULL, 6.0, NULL, 2019, NULL, NULL),
  (34, 'Farda', 1, 11, 3, 30.0, 10.0, 300.0, NULL, 0.32, 115.0, 2021, NULL, NULL),
  (35, 'Auli', 1, 12, 3, 75.0, 4.0, 1875.0, 250.0, 16.0, 80.0, 2017, NULL, NULL),
  (36, 'SweeDesi', 1, 12, 9, 40.0, 3.0, 1333.0, NULL, NULL, NULL, 2018, NULL, NULL),
  (37, 'LOKA', 1, 12, 17, 40.0, 5.0, 800.0, NULL, NULL, NULL, 2020, NULL, NULL),
  (38, 'Annie', 1, 13, 5, 30.0, 0.5, 6000.0, 500.0, 4.0, 50.0, 2016, NULL, NULL),
  (39, 'Carragreen', 1, 13, 10, 50.0, 10.0, 500.0, NULL, NULL, NULL, 2018, NULL, 'yes'),
  (40, 'TheYarnBazaar', 1, 13, 14, 50.0, 2.0, 2500.0, 180.0, NULL, NULL, 2019, NULL, NULL),
  (41, 'TheRenalProject', 1, 14, 15, 100.0, 3.0, 3333.0, 300.0, NULL, NULL, 2019, NULL, NULL),
  (42, 'MorrikoPureFoods', 1, 14, 9, 100.0, 3.0, 3333.0, NULL, 16.0, NULL, 2018, NULL, NULL),
  (43, 'GoodGoodPiggy', 1, 14, 17, 45.0, 5.0, 900.0, 0.0, NULL, NULL, 2021, NULL, NULL),
  (44, 'HammerLifestyle', 1, 15, 6, 30.0, 3.0, 1000.0, 1000.0, NULL, NULL, 2019, NULL, NULL),
  (45, 'PNTRobotics', 1, 15, 17, 50.0, 4.0, 1250.0, NULL, NULL, NULL, 2021, NULL, NULL),
  (46, 'Cocofit', 1, 15, 9, 5e-05, 5.0, 0.0, 100.0, NULL, 95.0, 2019, NULL, NULL),
  (47, 'BambooIndia', 1, 16, 14, 80.0, 4.0, 2000.0, 380.0, 20.0, NULL, 2016, NULL, NULL),
  (48, 'FlyingFur', 1, 16, 2, 75.0, 7.0, 1071.0, NULL, NULL, NULL, 2016, NULL, NULL),
  (49, 'BeyondWater', 1, 16, 9, 75.0, 4.0, 1875.0, NULL, 10.0, NULL, 2020, NULL, NULL),
  (50, 'Let''sTry', 1, 16, 9, 45.0, 2.0, 2250.0, NULL, 3.0, 55.0, 2017, NULL, NULL),
  (51, 'FindYourKicksIndia', 1, 17, 3, 50.0, 10.0, 500.0, NULL, 3.5, NULL, 2021, NULL, NULL),
  (52, 'AasVidyalaya', 1, 17, 5, 150.0, 3.0, 5000.0, 150.0, NULL, NULL, 2019, NULL, NULL),
  (53, 'Outbox', 1, 17, 4, 50.0, 5.0, 1000.0, 110.0, NULL, NULL, 2017, NULL, NULL),
  (54, 'RoadBounce', 1, 17, 17, 80.0, 10.0, 800.0, 250.0, NULL, NULL, 2016, NULL, 'yes'),
  (55, 'Mommy''sKitchen', 1, 18, 9, 90.0, 3.0, 3000.0, 92.0, 4.5, NULL, 2016, NULL, NULL),
  (56, 'IndiaHempandCo', 1, 18, 9, 50.0, 4.0, 1250.0, 27.0, 2.0, NULL, 2019, NULL, NULL),
  (57, 'Otua', 1, 18, 18, 100.0, 1.0, 10000.0, NULL, NULL, NULL, 2018, NULL, NULL),
  (58, 'Anthyesti', 1, 18, 4, 50.0, 2.5, 2000.0, 116.0, NULL, 50.0, 2015, NULL, NULL),
  (59, 'Ethik', 1, 19, 14, 15.0, 5.0, 300.0, 12.0, 1.0, NULL, 2012, NULL, NULL),
  (60, 'WeSTOCK', 1, 19, 2, 50.0, 5.0, 1000.0, 54.0, NULL, NULL, 2018, NULL, NULL),
  (61, 'KetoIndia', 1, 19, 9, 150.0, 1.25, 12000.0, 180.0, 15.0, NULL, 2019, NULL, NULL),
  (62, 'Magiclock', 1, 19, 11, 120.0, 8.0, 1500.0, NULL, 0.04, NULL, 2019, NULL, 'yes'),
  (63, 'TheStatePlate', 1, 20, 9, 65.0, 2.0, 3250.0, NULL, 40.0, 34.0, 2020, NULL, NULL),
  (64, 'Bakarmax', 1, 20, 17, 35.0, 5.0, 700.0, 35.0, 5.0, NULL, 2020, NULL, NULL),
  (65, 'INACAN', 1, 20, 9, 50.0, 2.0, 2500.0, NULL, 23.0, NULL, 2020, NULL, NULL),
  (66, 'Get-A-Whey', 1, 21, 9, 100.0, 8.0, 1250.0, 360.0, 0.25, 69.0, 2018, NULL, NULL),
  (67, 'Sid07Designs', 1, 21, 11, 47.0, 10.0, 470.0, NULL, 1.0, NULL, 2018, NULL, 'yes'),
  (68, 'TheQuirkyNaari', 1, 21, 3, 35.0, 5.0, 700.0, NULL, 3.0, NULL, 2018, NULL, NULL),
  (69, 'HairOriginals', 1, 22, 3, 60.0, 2.0, 3000.0, NULL, 55.0, 62.0, 2019, NULL, NULL),
  (70, 'Poo-de-Cologne', 1, 22, 3, 75.0, 5.0, 1500.0, NULL, 0.75, 150.0, 2021, NULL, NULL),
  (71, 'Moonshine', 1, 22, 9, 80.0, 0.5, 16000.0, 372.0, NULL, 70.0, 2018, NULL, NULL),
  (72, 'Falhari', 1, 22, 9, 50.0, 2.0, 2500.0, NULL, 1.0, 25.0, 2015, NULL, NULL),
  (73, 'NamhyaFoods', 1, 23, 9, 100.0, 5.0, 2000.0, NULL, 16.0, NULL, 2019, NULL, NULL),
  (74, 'UrbanMonkey', 1, 23, 3, 100.0, 1.0, 10000.0, 2500.0, 200.0, NULL, 2014, NULL, NULL),
  (75, 'GuardianGears', 1, 23, 14, 30.0, 5.0, 600.0, 250.0, 21.0, 50.0, 2018, NULL, NULL),
  (76, 'ModernMyth', 1, 23, 3, 75.0, 5.0, 1500.0, NULL, 14.0, NULL, 2019, NULL, NULL),
  (77, 'TheSassBar', 1, 24, 3, 40.0, 8.0, 500.0, NULL, 7.0, 65.0, 2019, NULL, NULL),
  (78, 'KGAgrotech', 1, 24, 1, 30.0, 10.0, 300.0, 0.0, NULL, NULL, 2022, NULL, NULL),
  (79, 'NuskhaKitchen', 1, 24, 9, 20.0, 10.0, 200.0, NULL, 1.45, NULL, 2019, NULL, NULL),
  (80, 'PawsIndia', 1, 25, 2, 50.0, 4.0, 1250.0, 300.0, 20.0, NULL, 2016, NULL, NULL),
  (81, 'SunfoxTechnologies', 1, 25, 15, 100.0, 2.0, 5000.0, 120.0, 5.0, NULL, 2016, NULL, NULL),
  (82, 'Alpino', 1, 25, 9, 150.0, 2.0, 7500.0, NULL, NULL, 38.0, 2016, NULL, NULL),
  (83, 'IsakFragrances', 1, 26, 3, 50.0, 8.0, 625.0, NULL, 3.5, NULL, 2016, NULL, NULL),
  (84, 'JulaaAutomation', 1, 26, 14, 50.0, 10.0, 500.0, 0.0, NULL, NULL, 2022, NULL, 'yes'),
  (85, 'RarePlanet', 1, 26, 14, 65.0, 1.0, 6500.0, NULL, 12.0, NULL, 2015, NULL, NULL),
  (86, 'ThekaCoffee', 1, 27, 9, 50.0, 10.0, 500.0, 180.0, 4.0, NULL, 2018, NULL, NULL),
  (87, 'WattTechnovations', 1, 27, 15, 0.00101, 2.0, 0.0, NULL, NULL, NULL, 2020, NULL, NULL),
  (88, 'AlisteTechnologies', 1, 27, 17, 60.0, 5.0, 1200.0, 63.0, 7.5, NULL, 2020, NULL, NULL),
  (89, 'InsuranceSamadhan', 1, 27, 4, 100.0, 1.0, 10000.0, 104.0, 22.0, NULL, 2016, NULL, NULL),
  (90, 'HumpyA2', 1, 28, 9, 75.0, 4.0, 1875.0, 208.0, NULL, 44.0, 2017, NULL, NULL),
  (91, 'KunafaWorld', 1, 28, 9, 90.0, 5.0, 1800.0, 200.0, 30.0, NULL, 2018, NULL, NULL),
  (92, 'GoldSafeSolutions', 1, 28, 14, 50.0, 5.0, 1000.0, 60.0, NULL, 25.0, 2017, NULL, NULL),
  (93, 'WakaoFoods', 1, 29, 9, 75.0, 5.0, 1500.0, 72.0, 6.0, NULL, 2021, NULL, NULL),
  (94, 'PDDFalcon', 1, 29, 14, 75.0, 3.0, 2500.0, 242.0, NULL, 30.0, 2018, NULL, NULL),
  (95, 'PlayBoxTV', 1, 29, 4, 100.0, 3.5, 2857.0, 1020.0, 87.0, NULL, 2017, NULL, NULL),
  (96, 'Sippline', 1, 30, 14, 75.0, 15.0, 500.0, NULL, NULL, NULL, 2019, NULL, NULL),
  (97, 'KabaddiAdda', 1, 30, 8, 80.0, 1.0, 8000.0, 250.0, NULL, 80.0, 2019, NULL, NULL),
  (98, 'ShadesofSpring', 1, 30, 4, 300.0, 1.0, 30000.0, 900.0, NULL, 30.0, 2019, NULL, NULL),
  (99, 'Scholify', 1, 30, 5, 50.0, 7.5, 667.0, 0.0, NULL, NULL, 2018, NULL, NULL),
  (100, 'Scrapshala', 1, 31, 14, 50.0, 10.0, 500.0, 27.0, 2.0, NULL, 2016, NULL, NULL),
  (101, 'Sabjikothi', 1, 31, 14, 60.0, 2.5, 2400.0, 0.0, NULL, NULL, 2019, NULL, NULL),
  (102, 'AyuRythm', 1, 31, 15, 75.0, 2.0, 3750.0, NULL, NULL, NULL, 2016, NULL, NULL),
  (103, 'Astrix', 1, 31, 14, 75.0, 3.0, 2500.0, 75.0, 18.0, NULL, 2021, NULL, NULL),
  (104, 'TheaAndSid', 1, 32, 4, 80.0, 7.0, 1143.0, 16.0, 10.0, 75.0, 2021, NULL, NULL),
  (105, 'ExperentialEtc', 1, 32, 17, 200.0, 4.0, 5000.0, 100.0, NULL, NULL, 2017, NULL, NULL),
  (106, 'GrowFitter', 1, 32, 17, 50.0, 1.0, 5000.0, 170.0, NULL, NULL, 2021, NULL, NULL),
  (107, 'C3Med-Tech', 1, 32, 15, 35.0, 6.0, 583.0, NULL, NULL, NULL, 2019, NULL, NULL),
  (108, 'ColourMeMad-CMM', 1, 33, 3, 40.0, 10.0, 400.0, NULL, 0.66, NULL, 2017, NULL, NULL),
  (109, 'Mavi''s', 1, 33, 9, 40.0, 5.0, 800.0, NULL, 2.0, NULL, 2018, NULL, NULL),
  (110, 'TweekLabs', 1, 33, 8, 40.0, 2.0, 2000.0, NULL, NULL, NULL, 2019, NULL, NULL),
  (111, 'Proxgy', 1, 33, 17, 35.0, 1.0, 3500.0, NULL, NULL, NULL, 2020, NULL, 'yes'),
  (112, 'NomadFoodProject', 1, 34, 9, 40.0, 10.0, 400.0, NULL, 3.0, 70.0, 2019, NULL, NULL),
  (113, 'TweeInOne', 1, 34, 3, 30.0, 7.5, 400.0, NULL, NULL, NULL, 2017, NULL, NULL),
  (114, 'GreenProtein', 1, 34, 9, 60.0, 2.0, 3000.0, NULL, 12.0, 40.0, 2019, NULL, NULL),
  (115, 'On2Cook', 1, 34, 9, 100.0, 1.0, 10000.0, 0.0, NULL, NULL, 2022, NULL, NULL),
  (116, 'JainShikanji', 1, 35, 9, 40.0, 8.0, 500.0, NULL, 2.0, NULL, 2017, NULL, NULL),
  (117, 'Woloo', 1, 35, 17, 50.0, 4.0, 1250.0, 108.0, NULL, NULL, 2020, NULL, NULL),
  (118, 'ElcareIndia', 1, 35, 15, 100.0, 2.5, 4000.0, 60.0, NULL, 30.0, 2021, NULL, NULL),
  (119, 'SneaKare', 1, 36, 3, 20.0, 5.0, 400.0, NULL, 7.0, NULL, 2020, NULL, NULL),
  (120, 'FrenchCrown', 1, 36, 3, 150.0, 0.33, 45455.0, 7200.0, NULL, 70.0, 2017, NULL, NULL),
  (121, 'StoreMyGoods', 1, 36, 4, 100.0, 1.75, 5714.0, 100.0, NULL, NULL, 2020, NULL, NULL),
  (122, 'Devnagri', 1, 36, 17, 100.0, 1.0, 10000.0, 500.0, NULL, NULL, 2020, NULL, NULL),
  (123, 'WitBlox', 1, 0, 14, 60.0, 3.0, 2000.0, NULL, NULL, NULL, 2020, NULL, NULL),
  (124, 'Kineer', 1, 0, 9, 100.0, 10.0, 1000.0, NULL, 2.0, NULL, 2018, NULL, NULL),
  (125, 'PiChem', 1, 0, 14, 40.0, 5.0, 800.0, NULL, 1.77, 50.0, 2021, NULL, NULL),
  (126, 'Clensta', 1, 0, 3, 100.0, 1.0, 10000.0, NULL, 150.0, NULL, 2017, NULL, NULL),
  (127, 'InfinitiInsects', 1, 0, 2, 25.0, 10.0, 250.0, NULL, 0.5, NULL, 2016, NULL, NULL),
  (128, 'AshwaPro', 1, 0, 4, 50.0, 10.0, 500.0, NULL, NULL, NULL, 2020, NULL, NULL),
  (129, 'Mine4Nine', 1, 0, 3, 75.0, 4.0, 1875.0, 260.0, NULL, NULL, 2019, NULL, NULL),
  (130, 'StudioBeej', 1, 0, 3, 75.0, 7.5, 1000.0, 112.0, NULL, NULL, 2020, NULL, NULL),
  (131, 'Sattuz', 1, 0, 9, 25.0, 5.0, 500.0, 25.0, NULL, NULL, 2018, NULL, NULL),
  (132, 'Scintiglo', 1, 0, 15, 75.0, 1.0, 7500.0, 0.0, NULL, NULL, 2021, NULL, NULL),
  (133, 'Glii', 1, 0, 4, 40.0, 4.0, 1000.0, NULL, NULL, NULL, 2021, NULL, NULL),
  (134, 'StanleeIndia', 1, 0, 6, 60.0, 3.0, 2000.0, NULL, NULL, NULL, 2019, NULL, NULL),
  (135, 'SpaceKidzIndia', 1, 0, 14, 100.0, 2.0, 5000.0, NULL, NULL, NULL, 2016, NULL, NULL),
  (136, 'UrbanNaps', 1, 0, 4, 50.0, 4.0, 1250.0, NULL, NULL, NULL, 2018, NULL, NULL),
  (137, 'Gizmoswala', 1, 0, 7, 75.0, 5.0, 1500.0, NULL, 7.0, 40.0, 2020, NULL, NULL),
  (138, 'ZyppElectric', 1, 0, 18, 220.0, 1.0, 22000.0, NULL, NULL, NULL, 2017, NULL, NULL),
  (139, 'Picsniff', 1, 0, 17, 55.0, 1.0, 5500.0, NULL, NULL, NULL, 2021, NULL, NULL),
  (140, 'Deciwood', 1, 0, 6, 50.0, 3.5, 1429.0, NULL, NULL, NULL, 2019, NULL, NULL),
  (141, 'HappyBar', 1, 0, 9, 60.0, 2.0, 3000.0, NULL, 29.0, NULL, 2019, NULL, NULL),
  (142, 'Tathastulive', 1, 0, 4, 50.0, 10.0, 500.0, NULL, NULL, NULL, 2020, NULL, NULL),
  (143, 'BandsandCups', 1, 0, 3, 40.0, 10.0, 400.0, NULL, 1.0, 60.0, 2021, NULL, NULL),
  (144, 'MyWealthProtector', 1, 0, 4, 50.0, 2.5, 2000.0, NULL, 2.0, NULL, 2019, NULL, NULL),
  (145, 'TheIris', 1, 0, 14, 10.0, 15.0, 67.0, NULL, NULL, NULL, 2019, NULL, NULL),
  (146, 'Canebot', 1, 0, 9, 100.0, 2.5, 4000.0, 200.0, NULL, NULL, 2012, NULL, 'yes'),
  (147, 'OyeDelhiOye', 1, 0, 9, 35.0, 10.0, 350.0, NULL, NULL, NULL, 2021, NULL, NULL),
  (148, 'InaliAssistiveTech', 1, 0, 15, 50.0, 5.0, 1000.0, NULL, NULL, NULL, 2020, NULL, NULL),
  (149, 'Meera''sCelebrations', 1, 0, 4, 50.0, 25.0, 200.0, NULL, NULL, NULL, 2010, NULL, NULL),
  (150, 'Artment', 1, 0, 12, 170.0, 2.5, 6800.0, NULL, 100.0, NULL, 2019, NULL, NULL),
  (151, 'Powertree', 1, 0, 14, 150.0, 2.5, 6000.0, NULL, NULL, NULL, 2018, NULL, NULL),
  (152, 'Eume', 1, 0, 3, 150.0, 2.0, 7500.0, 1200.0, NULL, NULL, 2018, NULL, NULL),
  (153, 'Hoovu', 2, 1, 4, 80.0, 1.0, 8000.0, NULL, 65.0, NULL, 2019, NULL, NULL),
  (154, 'Dorji', 2, 1, 9, 30.0, 5.0, 600.0, NULL, 11.0, NULL, 2018, NULL, NULL),
  (155, 'Recode', 2, 1, 3, 100.0, 1.0, 10000.0, NULL, NULL, NULL, 2018, NULL, NULL),
  (156, 'VeryMuchIndian', 2, 2, 3, 50.0, 3.0, 1667.0, 150.0, NULL, 35.0, 2018, NULL, NULL),
  (157, 'WatchoutWearables', 2, 2, 6, 200.0, 5.0, 4000.0, NULL, 25.0, NULL, 2021, NULL, NULL),
  (158, 'SoupX', 2, 2, 9, 75.0, 6.0, 1250.0, NULL, NULL, 45.0, 2021, NULL, NULL),
  (159, 'ATMOSPHERE', 2, 3, 9, 75.0, 3.0, 2500.0, NULL, NULL, NULL, 2019, NULL, NULL),
  (160, 'Stage', 2, 3, 7, 300.0, 1.0, 30000.0, NULL, NULL, NULL, NULL, NULL, NULL),
  (161, 'Girgit', 2, 3, 3, 20.0, 10.0, 200.0, NULL, NULL, NULL, 2022, NULL, NULL),
  (162, 'GearHeadMotors', 2, 4, 18, 75.0, 2.0, 3750.0, NULL, NULL, NULL, NULL, NULL, NULL),
  (163, 'PatilKaki', 2, 4, 9, 40.0, 2.5, 1600.0, NULL, NULL, NULL, 2020, NULL, NULL),
  (164, 'Brandsdaddy', 2, 4, 14, 70.0, 5.0, 1400.0, NULL, 12.0, 60.0, 2013, NULL, NULL),
  (165, 'Winston', 2, 5, 3, 100.0, 4.0, 2500.0, NULL, 46.0, NULL, NULL, NULL, NULL),
  (166, 'Flatheads', 2, 5, 3, 75.0, 3.0, 2500.0, NULL, NULL, NULL, 2019, NULL, NULL),
  (167, 'OrganicSmokes', 2, 5, 3, 100.0, 1.0, 10000.0, NULL, 40.0, NULL, NULL, NULL, NULL),
  (168, 'TeaFit', 2, 6, 9, 50.0, 3.0, 1666.666667, NULL, NULL, NULL, NULL, NULL, NULL),
  (169, 'Haqdarshak', 2, 6, 4, 100.0, 0.5, 20000.0, NULL, NULL, NULL, 2016, NULL, NULL),
  (170, 'Bhaskar''sPuranpoliGhar', 2, 6, 9, 75.0, 1.0, 7500.0, NULL, NULL, NULL, NULL, NULL, NULL),
  (171, 'GunjanAppsStudios', 2, 7, 17, 250.0, 1.0, 25000.0, 2400.0, NULL, NULL, NULL, NULL, NULL),
  (172, 'TheSimplySalad', 2, 7, 9, 30.0, 10.0, 300.0, NULL, NULL, NULL, NULL, NULL, NULL),
  (173, 'AyuSynk', 2, 7, 15, 100.0, 1.5, 6666.666667, NULL, NULL, NULL, 2017, NULL, NULL),
  (174, 'AtypicalAdvantage', 2, 8, 17, 30.0, 1.0, 3000.0, NULL, NULL, NULL, 2020, NULL, NULL),
  (175, 'HouseOfChikankari', 2, 8, 3, 75.0, 1.0, 7500.0, NULL, NULL, NULL, 2020, NULL, NULL),
  (176, 'MagicOfMemories', 2, 8, 3, 25.0, 5.0, 500.0, NULL, NULL, NULL, 2019, NULL, NULL),
  (177, 'Paradyes', 2, 9, 3, 65.0, 1.0, 6500.0, 350.0, NULL, NULL, 2020, NULL, NULL),
  (178, 'Nestroots', 2, 9, 12, 50.0, 1.0, 5000.0, NULL, NULL, NULL, NULL, NULL, NULL),
  (179, 'Zillionaire', 2, 10, 3, 50.0, 3.3, 1515.151515, 100.0, NULL, NULL, NULL, NULL, NULL),
  (180, 'Credmate', 2, 10, 17, 50.0, 5.0, 1000.0, NULL, 130.0, NULL, 2020, NULL, NULL),
  (181, 'Freebowler', 2, 10, 8, 75.0, 7.5, 1000.0, NULL, NULL, NULL, NULL, NULL, NULL),
  (182, 'ABCSports&Fitness', 2, 11, 8, 40.0, 2.0, 2000.0, NULL, NULL, NULL, NULL, NULL, NULL),
  (183, 'Primebook', 2, 11, 17, 75.0, 1.5, 5000.0, NULL, NULL, NULL, NULL, NULL, NULL),
  (184, 'DailyDump', 2, 11, 14, 80.0, 4.0, 2000.0, NULL, NULL, NULL, 2006, NULL, NULL),
  (185, 'GharSoaps', 2, 12, 3, 60.0, 2.0, 3000.0, NULL, NULL, NULL, NULL, NULL, NULL),
  (186, 'Janitri', 2, 12, 15, 100.0, 2.5, 4000.0, NULL, NULL, NULL, 2021, NULL, NULL),
  (187, 'JaipurWatchCompany', 2, 12, 14, 50.0, 2.0, 2500.0, NULL, NULL, 75.0, NULL, NULL, NULL),
  (188, 'InsideFPV', 2, 13, 14, 75.0, 4.0, 1875.0, NULL, NULL, NULL, NULL, NULL, NULL),
  (189, 'Angrakhaa', 2, 13, 3, 40.0, 5.0, 800.0, NULL, NULL, NULL, 2018, NULL, NULL),
  (190, 'Diabexy', 2, 13, 9, 150.0, 1.0, 15000.0, NULL, 100.0, NULL, 2016, NULL, NULL),
  (191, 'Kyari', 2, 14, 14, 51.0, 1.0, 5100.0, NULL, 10.0, NULL, 2018, NULL, NULL),
  (192, 'MoppFoods', 2, 14, 9, 75.0, 2.25, 3333.333333, NULL, NULL, NULL, NULL, NULL, NULL),
  (193, 'Econiture', 2, 14, 10, 50.0, 8.0, 625.0, NULL, NULL, NULL, NULL, NULL, NULL),
  (194, 'Dobiee', 2, 15, 9, 72.0, 2.0, 3600.0, NULL, 32.0, 23.0, 2021, NULL, NULL),
  (195, 'FastBeetle', 2, 15, 4, 90.0, 3.0, 3000.0, NULL, 25.0, 54.0, 2019, NULL, NULL),
  (196, 'Pflow', 2, 15, 15, 60.0, 1.0, 6000.0, NULL, NULL, 80.0, 2021, NULL, NULL),
  (197, 'VSMani', 2, 16, 9, 60.0, 1.5, 4000.0, NULL, 63.0, NULL, 2020, NULL, NULL),
  (198, 'Sepal', 2, 16, 14, 50.0, 1.0, 5000.0, NULL, NULL, 37.0, NULL, NULL, NULL),
  (199, 'Solinas', 2, 16, 4, 90.0, 2.0, 4500.0, 120.0, NULL, NULL, 2020, NULL, NULL),
  (200, 'AvimeeHerbal', 2, 17, 3, 280.0, 0.5, 56000.0, NULL, 165.0, 69.0, 2021, NULL, NULL),
  (201, 'eyenic', 2, 17, 3, 75.0, 6.0, 1250.0, NULL, 15.0, 45.0, 2017, NULL, NULL),
  (202, 'ekatra', 2, 17, 12, 40.0, 10.0, 400.0, NULL, 5.0, 80.0, 2019, NULL, NULL),
  (203, 'Raasa', 2, 18, 9, 50.0, 5.0, 1000.0, NULL, NULL, NULL, 2022, NULL, NULL),
  (204, 'NeoMotion', 2, 18, 14, 100.0, 1.0, 10000.0, 470.0, NULL, NULL, 2020, NULL, NULL),
  (205, 'licksters', 2, 18, 9, 50.0, 5.0, 1000.0, 86.0, 14.0, NULL, NULL, NULL, NULL),
  (206, 'Sayonara', 2, 18, 3, 100.0, 1.0, 10000.0, 0.0, NULL, NULL, NULL, NULL, 'yes'),
  (207, 'PMV', 2, 19, 18, 100.0, 1.0, 10000.0, 0.0, NULL, NULL, 2018, NULL, NULL),
  (208, 'SpiceStory', 2, 19, 9, 70.0, 2.0, 3500.0, 410.0, 57.0, NULL, 2019, NULL, NULL),
  (209, 'Bullspree', 2, 19, 17, 75.0, 1.5, 5000.0, NULL, NULL, NULL, 2020, NULL, NULL),
  (210, 'Snitch', 2, 20, 3, 150.0, 0.5, 30000.0, NULL, NULL, NULL, 2020, NULL, NULL),
  (211, 'Portl', 2, 20, 4, 150.0, 1.0, 15000.0, NULL, NULL, 45.0, 2021, NULL, NULL),
  (212, 'FatToSlim', 2, 20, 3, 20.0, 1.0, 2000.0, NULL, 14.0, NULL, 2016, NULL, NULL),
  (213, 'CheeseCake&Co.', 2, 21, 9, 100.0, 2.0, 5000.0, NULL, 194.0, NULL, 2018, NULL, NULL),
  (214, 'Dabble', 2, 21, 14, 50.0, 10.0, 500.0, 33.0, 8.7, 75.0, 2018, NULL, NULL),
  (215, 'CloudTailor', 2, 21, 4, 100.0, 1.4, 7142.857143, NULL, 34.0, NULL, 2020, NULL, NULL),
  (216, 'BeUnic', 2, 21, 4, 100.0, 10.0, 1000.0, 50.0, 6.0, NULL, 2019, NULL, NULL),
  (217, 'Broomees', 2, 22, 4, 80.0, 2.0, 4000.0, NULL, NULL, NULL, 2020, NULL, NULL),
  (218, 'Ravel', 2, 22, 3, 75.0, 2.5, 3000.0, NULL, 40.0, NULL, 2021, NULL, NULL),
  (219, 'HoneyVeda', 2, 22, 9, 75.0, 7.5, 1000.0, 53.0, NULL, 20.0, NULL, NULL, NULL),
  (220, 'PadCare', 2, 23, 14, 50.0, 2.0, 2500.0, NULL, 14.0, NULL, 2018, NULL, NULL),
  (221, 'SwadeshiBlessings', 2, 23, 12, 50.0, 5.0, 1000.0, 120.0, 28.0, 60.0, 2020, NULL, NULL),
  (222, 'OLL', 2, 23, 17, 30.0, 2.0, 1500.0, NULL, NULL, NULL, NULL, NULL, NULL),
  (223, 'Febris', 2, 23, 15, 100.0, 2.5, 4000.0, 110.0, 12.0, NULL, 2018, NULL, NULL),
  (224, 'Geeani', 2, 24, 18, 75.0, 7.5, 1000.0, NULL, NULL, NULL, 2022, NULL, NULL),
  (225, 'Amore', 2, 24, 9, 75.0, 4.0, 1875.0, NULL, NULL, NULL, NULL, NULL, NULL),
  (226, 'LeafyAffair', 2, 24, 3, 50.0, 2.5, 2000.0, 110.0, 21.0, 80.0, NULL, NULL, NULL),
  (227, 'ScrapUncle', 2, 25, 10, 60.0, 3.0, 2000.0, 600.0, NULL, 25.0, 2020, NULL, NULL),
  (228, 'SharmaJiKiAata', 2, 25, 9, 40.0, 10.0, 400.0, NULL, NULL, 63.0, 2019, NULL, NULL),
  (229, 'Manetain', 2, 25, 3, 75.0, 2.5, 3000.0, 100.0, 12.0, 60.0, NULL, NULL, NULL),
  (230, 'GavinParis', 2, 26, 3, 50.0, 5.0, 1000.0, 114.0, NULL, 60.0, 2022, NULL, NULL),
  (231, 'UnStop', 2, 26, 17, 100.0, 1.0, 10000.0, 1600.0, NULL, 90.0, 2022, NULL, NULL),
  (232, 'BlueTea', 2, 26, 9, 75.0, 1.0, 7500.0, 1000.0, NULL, NULL, 2018, NULL, NULL),
  (233, 'TheGreenSnack', 2, 27, 9, 100.0, 2.0, 5000.0, NULL, 25.0, NULL, 2017, NULL, NULL),
  (234, 'HobbyIndia', 2, 27, 12, 50.0, 3.0, 1666.666667, 117.0, NULL, NULL, NULL, NULL, NULL),
  (235, 'Flhexible', 2, 27, 12, 50.0, 7.5, 666.6666667, 16.0, 3.5, 40.0, 2019, NULL, NULL),
  (236, 'UpThrust', 2, 27, 8, 75.0, 3.0, 2500.0, 300.0, 33.0, NULL, 2020, NULL, NULL),
  (237, 'Zoff', 2, 28, 9, 100.0, 0.5, 20000.0, NULL, 700.0, NULL, 2018, NULL, NULL),
  (238, 'DesiToys', 2, 28, 14, 50.0, 3.0, 1666.666667, 115.0, 20.0, 50.0, 2017, NULL, NULL),
  (239, 'CloudWorx', 2, 28, 17, 40.0, 2.0, 2000.0, NULL, 14.0, NULL, 2019, NULL, NULL),
  (240, 'Mahantam', 2, 29, 14, 30.0, 10.0, 300.0, NULL, NULL, NULL, 2018, NULL, NULL),
  (241, 'MindPeers', 2, 29, 15, 53.0, 1.0, 5300.0, NULL, NULL, NULL, 2020, NULL, NULL),
  (242, 'Barosi', 2, 29, 9, 50.0, 2.0, 2500.0, NULL, 42.0, 40.0, 2016, NULL, NULL),
  (243, 'Daryaganj', 2, 30, 9, 90.0, 0.5, 18000.0, NULL, 300.0, NULL, 2019, NULL, NULL),
  (244, 'DhruvVidyut', 2, 30, 18, 0.0, 0.5, 0.0, NULL, NULL, NULL, 2022, NULL, NULL),
  (245, 'CELLBELL', 2, 30, 12, 90.0, 1.5, 6000.0, NULL, 400.0, 52.0, 2019, NULL, NULL),
  (246, 'Tipayi', 2, 31, 14, 50.0, 10.0, 500.0, 21.0, 0.5, 35.0, 2019, NULL, 'yes'),
  (247, 'DigiQure', 2, 31, 15, 40.0, 4.0, 1000.0, NULL, NULL, NULL, 2018, NULL, NULL),
  (248, 'Nirmalaya', 2, 31, 14, 60.0, 1.5, 4000.0, NULL, 80.0, NULL, 2020, NULL, NULL),
  (249, 'Pabiben', 2, 32, 3, 50.0, 5.0, 1000.0, NULL, NULL, 50.0, NULL, NULL, NULL),
  (250, 'Homestrap', 2, 32, 12, 70.0, 1.0, 7000.0, NULL, NULL, 55.0, NULL, NULL, NULL),
  (251, 'uBreathe', 2, 32, 14, 150.0, 7.5, 2000.0, NULL, NULL, NULL, NULL, NULL, NULL),
  (252, 'Deyor', 2, 32, 17, 100.0, 1.0, 10000.0, NULL, NULL, 25.0, 2016, NULL, NULL),
  (253, 'iMumz', 2, 33, 15, 70.0, 1.0, 7000.0, NULL, NULL, NULL, 2020, NULL, NULL),
  (254, 'TheHealthyBinge', 2, 33, 9, 50.0, 5.0, 1000.0, NULL, 11.0, NULL, NULL, NULL, NULL),
  (255, 'Freakins', 2, 33, 3, 70.0, 1.0, 7000.0, NULL, NULL, 63.0, 2021, NULL, NULL),
  (256, 'Perfora', 2, 34, 12, 80.0, 1.0, 8000.0, NULL, NULL, 57.0, 2021, NULL, NULL),
  (257, 'MidNightAngelsByPC', 2, 34, 3, 75.0, 6.0, 1250.0, 180.0, NULL, 83.0, 2017, NULL, NULL),
  (258, 'CureSee', 2, 34, 15, 40.0, 5.0, 800.0, 0.0, 264.0, NULL, 2019, NULL, NULL),
  (259, 'MeduLance', 2, 35, 15, 200.0, 1.0, 20000.0, 240.0, NULL, NULL, 2017, NULL, NULL),
  (260, 'Cakelicious', 2, 35, 9, 25.0, 5.0, 500.0, NULL, 3.0, 60.0, 2020, NULL, NULL),
  (261, 'Bowled.io', 2, 35, 8, 80.0, 1.0, 8000.0, NULL, NULL, NULL, 2021, NULL, NULL),
  (262, 'Toyshine', 2, 35, 14, 125.0, 0.5, 25000.0, 4500.0, 450.0, NULL, 2015, NULL, NULL),
  (263, 'neuphony', 2, 36, 15, 100.0, 2.0, 5000.0, NULL, NULL, NULL, 2022, NULL, NULL),
  (264, 'Amrutam', 2, 36, 9, 50.0, 2.0, 2500.0, 110.0, NULL, NULL, 2017, NULL, NULL),
  (265, 'HoloKitab', 2, 36, 17, 45.0, 10.0, 450.0, 0.0, NULL, NULL, 2020, NULL, NULL),
  (266, 'Zoe', 2, 37, 9, 75.0, 5.0, 1500.0, 120.0, NULL, NULL, 2015, NULL, NULL),
  (267, 'Hornback', 2, 37, 18, 50.0, 1.0, 5000.0, NULL, NULL, NULL, 2022, NULL, 'yes'),
  (268, 'Malaki', 2, 37, 9, 50.0, 1.0, 5000.0, 270.0, 42.0, 56.0, 2018, NULL, NULL),
  (269, 'nanoclean', 2, 37, 14, 80.0, 2.0, 4000.0, 110.0, 5.0, NULL, 2017, NULL, 'yes'),
  (270, 'DesmondJi', 2, 38, 13, 100.0, 1.0, 10000.0, 1200.0, 125.0, NULL, 2007, NULL, NULL),
  (271, 'Cremeitalia', 2, 38, 9, 90.0, 1.5, 6000.0, NULL, 62.0, NULL, 2018, NULL, NULL),
  (272, 'nawgati', 2, 38, 4, 67.0, 2.0, 3350.0, NULL, NULL, NULL, 2019, NULL, NULL),
  (273, 'Swytchd', 2, 38, 18, 50.0, 3.0, 1666.666667, NULL, NULL, NULL, 2021, NULL, NULL),
  (274, 'GladFul', 2, 39, 9, 50.0, 2.0, 2500.0, NULL, 24.0, NULL, 2022, NULL, NULL),
  (275, 'Pharmallama', 2, 39, 15, 100.0, 1.5, 6666.666667, NULL, 24.0, NULL, 2022, NULL, NULL),
  (276, 'CraveRajaFoods', 2, 39, 9, 65.0, 3.0, 2166.666667, 256.0, 20.0, 70.0, 2020, NULL, NULL),
  (277, 'VAPerfume', 2, 39, 12, 100.0, 10.0, 1000.0, NULL, NULL, 56.0, 2022, NULL, NULL),
  (278, 'Hood', 2, 40, 17, 120.0, 0.2, 60000.0, 0.0, NULL, NULL, 2022, NULL, NULL),
  (279, 'TwistingScoops', 2, 40, 9, 100.0, 2.5, 4000.0, NULL, NULL, NULL, 2015, NULL, NULL),
  (280, 'GROWiT', 2, 40, 1, 100.0, 1.0, 10000.0, NULL, NULL, 22.0, 2020, NULL, NULL),
  (281, 'Makino', 2, 41, 9, 200.0, 2.0, 10000.0, NULL, 2.5, 40.0, 2018, NULL, NULL),
  (282, 'Trunome', 2, 41, 15, 150.0, 1.0, 15000.0, NULL, NULL, NULL, NULL, NULL, 'yes'),
  (283, 'Wol3D', 2, 41, 14, 150.0, 1.0, 15000.0, NULL, NULL, 30.0, 2016, NULL, NULL),
  (284, 'What''sUpWellness', 2, 41, 9, 50.0, 3.0, 1666.666667, NULL, 30.0, NULL, 2020, NULL, NULL),
  (285, 'ProostBeer', 2, 42, 9, 100.0, 0.75, 13333.33333, NULL, NULL, NULL, 2018, NULL, NULL),
  (286, 'DrCubes', 2, 42, 9, 80.0, 15.0, 533.3333333, 75.0, NULL, 45.0, 2017, NULL, NULL),
  (287, 'MetroRide', 2, 42, 18, 75.0, 1.0, 7500.0, 54.0, 25.0, NULL, 2020, NULL, NULL),
  (288, 'Conker', 2, 42, 17, 40.0, 1.0, 4000.0, 120.0, 22.0, 50.0, 2022, NULL, NULL),
  (289, 'WTF', 2, 43, 9, 75.0, 5.0, 1500.0, NULL, NULL, NULL, NULL, NULL, NULL),
  (290, 'funngro', 2, 43, 17, 50.0, 1.25, 4000.0, NULL, NULL, NULL, 2021, NULL, NULL),
  (291, 'Aadvik', 2, 43, 9, 60.0, 1.5, 4000.0, 720.0, 50.0, NULL, 2015, NULL, NULL),
  (292, 'oyehappy', 2, 43, 4, 50.0, 1.0, 5000.0, 1005.0, 80.0, 80.0, 2015, NULL, NULL),
  (293, 'HealthyMaster', 2, 44, 9, 50.0, 2.0, 2500.0, NULL, 20.0, 45.0, 2019, NULL, NULL),
  (294, 'Kitsons', 2, 44, 12, 1000.0, 10.0, 10000.0, NULL, NULL, NULL, 2010, NULL, NULL),
  (295, 'LondonBubble', 2, 44, 9, 75.0, 5.0, 1500.0, NULL, NULL, NULL, 2017, NULL, NULL),
  (296, 'WaggyZone', 2, 44, 2, 50.0, 5.0, 1000.0, 0.0, 1.0, 60.0, 2019, NULL, NULL),
  (297, 'NutriCook', 2, 45, 9, 100.0, 2.0, 5000.0, 13.0, NULL, NULL, 2019, NULL, NULL),
  (298, 'Subhag', 2, 45, 15, 50.0, 1.0, 5000.0, NULL, 0.0, NULL, 2018, NULL, 'yes'),
  (299, 'SinghStyled', 2, 45, 3, 50.0, 5.0, 1000.0, NULL, 7.5, NULL, 2019, NULL, NULL),
  (300, 'ZSportsTech', 2, 46, 8, 60.0, 2.0, 3000.0, 31.0, NULL, NULL, 2019, NULL, NULL),
  (301, 'ThePlatedProject', 2, 46, 4, 75.0, 2.0, 3750.0, NULL, NULL, NULL, 2019, NULL, NULL),
  (302, 'VsnapU', 2, 46, 4, 50.0, 1.5, 3333.333333, NULL, 15.0, NULL, 2017, NULL, NULL),
  (303, 'TheHealthyFactory', 2, 46, 9, 75.0, 2.1, 3571.428571, NULL, NULL, 56.0, 2018, NULL, NULL),
  (304, 'Brevistay', 2, 47, 4, 100.0, 1.66, 6024.096386, NULL, 42.0, NULL, 2016, NULL, NULL),
  (305, 'SoulUp', 2, 47, 4, 50.0, 3.0, 1666.666667, NULL, NULL, NULL, 2022, NULL, NULL),
  (306, 'TheBigBookBox ChapterOneBooks', 2, 47, 12, 50.0, 8.0, 625.0, 140.0, NULL, NULL, 2017, NULL, NULL),
  (307, 'Rubans', 2, 48, 3, 150.0, 0.5, 30000.0, 5100.0, NULL, NULL, 2014, NULL, NULL),
  (308, 'SameNotification', 2, 48, 17, 25.0, 15.0, 166.6666667, NULL, NULL, NULL, 2022, NULL, NULL),
  (309, 'BottomLineSprays', 2, 48, 12, 35.0, 5.0, 700.0, NULL, 2.0, NULL, 2019, NULL, NULL),
  (310, 'LilGoodness', 2, 48, 9, 100.0, 1.0, 10000.0, NULL, 145.0, 65.0, 2020, NULL, NULL),
  (311, 'ForeverModest', 2, 49, 3, 20.0, 10.0, 200.0, NULL, 4.2, NULL, 2021, NULL, NULL),
  (312, 'Sahayatha', 2, 49, 15, 100.0, 10.0, 1000.0, NULL, NULL, NULL, 2022, NULL, 'yes'),
  (313, 'WickedGud', 2, 49, 9, 50.0, 1.0, 5000.0, NULL, NULL, NULL, 2021, NULL, NULL),
  (314, 'maisha', 2, 49, 3, 75.0, 3.0, 2500.0, NULL, NULL, NULL, 2018, NULL, NULL),
  (315, 'NishHair', 2, 50, 3, 100.0, 2.0, 5000.0, 670.0, 80.0, NULL, 2017, NULL, NULL),
  (316, 'MYBYK', 2, 50, 18, 200.0, 1.0, 20000.0, NULL, NULL, NULL, 2014, NULL, NULL),
  (317, 'GODESi', 2, 51, 9, 90.0, 0.5, 18000.0, NULL, 270.0, NULL, 2016, NULL, NULL),
  (318, 'TAC', 2, 51, 3, 150.0, 0.5, 30000.0, NULL, NULL, NULL, 2013, NULL, NULL),
  (319, 'Naara-Aaba', 2, 51, 13, 75.0, 2.5, 3000.0, NULL, NULL, 50.0, 2017, NULL, NULL),
  (320, 'StyloBug', 2, 51, 3, 80.0, 2.0, 4000.0, 1400.0, 46.0, NULL, 2017, NULL, NULL),
  (321, 'ZenOnco', 2, 0, 15, 100.0, 1.0, 10000.0, NULL, 21.0, NULL, 2019, NULL, NULL),
  (322, 'HonestHome', 3, 1, 10, 100.0, 2.0, 5000.0, 1400.0, 142.0, NULL, 2019, NULL, NULL),
  (323, 'AdilQadri', 3, 1, 3, 100.0, 0.5, 20000.0, 2070.0, 600.0, 70.0, 2020, NULL, NULL),
  (324, 'ConsciousChemist', 3, 1, 3, 60.0, 2.0, 3000.0, 450.0, 85.0, NULL, 2020, NULL, NULL),
  (325, 'TheCinnamonKitchen', 3, 2, 9, 60.0, 2.0, 3000.0, 82.0, NULL, NULL, 2019, NULL, NULL),
  (326, 'WtfGyms', 3, 2, 4, 100.0, 2.0, 5000.0, NULL, 65.0, NULL, 2021, NULL, NULL),
  (327, 'Intervue', 3, 2, 17, 150.0, 1.0, 15000.0, 870.0, NULL, NULL, 2020, NULL, NULL),
  (328, 'RodBez', 3, 3, 18, 50.0, 5.0, 1000.0, NULL, 6.0, NULL, 2022, NULL, NULL),
  (329, 'Blix', 3, 3, 17, 80.0, 2.0, 4000.0, 400.0, 36.0, 50.0, 2021, NULL, NULL),
  (330, 'Homversity', 3, 3, 17, 65.0, 2.0, 3250.0, NULL, 100.0, NULL, 2022, NULL, NULL),
  (331, 'TURMS', 3, 4, 3, 120.0, 2.0, 6000.0, 70.0, 86.0, NULL, 2022, NULL, NULL),
  (332, 'mintree', 3, 4, 3, 90.0, 1.0, 9000.0, 900.0, NULL, NULL, 2018, NULL, NULL),
  (333, '80Wash', 3, 4, 14, 100.0, 2.5, 4000.0, NULL, NULL, NULL, 2021, NULL, 'yes'),
  (334, 'DilFoods', 3, 5, 9, 50.0, 0.5, 10000.0, 700.0, NULL, NULL, 2022, NULL, NULL),
  (335, 'AIKavach/Panoplia', 3, 5, 17, 50.0, 1.25, 4000.0, NULL, NULL, NULL, 2023, NULL, 'yes'),
  (336, 'Bartisans', 3, 5, 13, 100.0, 2.5, 4000.0, 143.0, 35.0, 70.0, 2021, NULL, NULL),
  (337, 'Aretto', 3, 6, 14, 80.0, 1.0, 8000.0, 700.0, 60.0, 57.0, 2020, NULL, 'yes'),
  (338, 'Kalakaram', 3, 6, 14, 50.0, 2.5, 2000.0, 500.0, 50.0, NULL, 2022, NULL, NULL),
  (339, 'NabhiSutra', 3, 6, 3, 60.0, 3.0, 2000.0, 450.0, 50.0, NULL, 2019, NULL, NULL),
  (340, 'Zorko', 3, 7, 9, 150.0, 1.0, 15000.0, 3000.0, 240.0, 40.0, 2021, NULL, NULL),
  (341, 'Tramboo', 3, 7, 8, 30.0, 3.0, 1000.0, 600.0, 18.0, NULL, 2021, NULL, NULL),
  (342, 'WeHear', 3, 7, 15, 250.0, 1.0, 25000.0, 282.0, 93.0, NULL, 2017, NULL, 'yes'),
  (343, 'Tiggle', 3, 8, 9, 50.0, 5.0, 1000.0, 150.0, 12.0, NULL, 2020, NULL, NULL),
  (344, 'WYLDCard', 3, 8, 17, 50.0, 0.5, 10000.0, NULL, NULL, NULL, 2023, NULL, NULL),
  (345, 'upliance.ai', 3, 8, 12, 100.0, 1.0, 10000.0, NULL, NULL, NULL, 2021, NULL, 'yes'),
  (346, 'PizzaGalleria', 3, 9, 9, 100.0, 2.0, 5000.0, 115.0, NULL, NULL, 2015, NULL, NULL),
  (347, 'AiCars', 3, 9, 18, 200.0, 4.0, 5000.0, NULL, NULL, NULL, 2021, NULL, NULL),
  (348, 'RooftopApp', 3, 9, 17, 200.0, 4.0, 5000.0, NULL, NULL, NULL, 2019, NULL, NULL),
  (349, 'GoenchiFeni', 3, 10, 13, 100.0, 5.0, 2000.0, NULL, NULL, 42.0, 2023, NULL, NULL),
  (350, 'Arata', 3, 10, 3, 100.0, 1.25, 8000.0, 170.0, 200.0, NULL, 2018, NULL, NULL),
  (351, 'Vecros', 3, 10, 17, 100.0, 2.5, 4000.0, 0.0, 9.0, NULL, 2018, NULL, NULL),
  (352, 'GudGum', 3, 11, 9, 50.0, 5.0, 1000.0, NULL, NULL, NULL, 2022, NULL, NULL),
  (353, 'EvaScalp', 3, 11, 15, 30.0, 1.2, 2500.0, 59.0, 10.0, 85.0, 2020, NULL, 'yes'),
  (354, 'Elitty', 3, 11, 3, 100.0, 4.0, 2500.0, 113.0, 11.0, 36.0, 2021, NULL, NULL),
  (355, 'HoneyTwigs', 3, 12, 9, 75.0, 3.0, 2500.0, 400.0, 35.0, NULL, 2015, NULL, NULL),
  (356, 'Koparo', 3, 12, 9, 70.0, 1.0, 7000.0, 450.0, 80.0, NULL, 2020, NULL, NULL),
  (357, '2Ballz', 3, 12, 3, 30.0, 5.0, 600.0, NULL, 164.0, NULL, 2023, NULL, NULL),
  (358, 'JewelBox', 3, 13, 3, 100.0, 2.0, 5000.0, 520.0, NULL, NULL, 2022, NULL, NULL),
  (359, 'DaakRoom', 3, 13, 4, 36.0, 4.0, 900.0, 90.0, NULL, NULL, 2013, NULL, NULL),
  (360, 'Nuvedo', 3, 13, 9, 50.0, 3.0, 1666.666667, 25.0, NULL, NULL, 2021, NULL, NULL),
  (361, 'WALK', 3, 14, 15, 50.0, 1.5, 3333.333333, NULL, NULL, NULL, 2018, NULL, 'yes'),
  (362, 'RajaRaniCoaching', 3, 14, 3, 130.0, 5.0, 2600.0, 200.0, NULL, NULL, 2021, NULL, NULL),
  (363, 'DecodeAge', 3, 14, 15, 100.0, 1.25, 8000.0, 1100.0, NULL, 70.0, 2021, NULL, NULL),
  (364, 'ALittleExtra', 3, 15, 3, 48.0, 6.0, 800.0, 122.0, NULL, NULL, NULL, NULL, NULL),
  (365, 'Assembly', 3, 15, 3, 85.0, 1.0, 8500.0, 1150.0, NULL, NULL, 2018, NULL, 'yes'),
  (366, 'NasherMiles', 3, 15, 3, 300.0, 0.75, 40000.0, 5700.0, NULL, NULL, 2017, NULL, NULL),
  (367, 'AltCo', 3, 16, 9, 150.0, 2.0, 7500.0, 1000.0, 110.0, NULL, 2020, NULL, NULL),
  (368, 'Without', 3, 16, 3, 75.0, 1.0, 7500.0, NULL, NULL, NULL, 2020, NULL, 'yes'),
  (369, 'Kibo', 3, 16, 17, 60.0, 1.0, 6000.0, 135.0, NULL, NULL, 2019, NULL, 'yes'),
  (370, 'VOLD', 3, 17, 9, 50.0, 2.0, 2500.0, NULL, 3.0, 38.0, 2022, NULL, NULL),
  (371, 'Quirksmith', 3, 17, 3, 80.0, 1.0, 8000.0, 600.0, 75.0, NULL, 2016, NULL, NULL),
  (372, 'UrbanSpace', 3, 17, 12, 180.0, 1.0, 18000.0, 2050.0, 800.0, NULL, NULL, NULL, NULL),
  (373, 'HyperLab', 3, 18, 8, 10.0, 1.0, 1000.0, NULL, NULL, NULL, 2023, NULL, 'yes'),
  (374, 'EcoBiotraps', 3, 18, 10, 50.0, 2.0, 2500.0, 84.0, 8.0, 25.0, 2022, NULL, 'yes'),
  (375, 'Hoora', 3, 18, 17, 80.0, 2.0, 4000.0, NULL, 31.0, 60.0, 2019, NULL, 'yes'),
  (376, 'YesMadam', 3, 19, 3, 150.0, 0.5, 30000.0, 5000.0, NULL, NULL, 2016, NULL, NULL),
  (377, 'Zerodor', 3, 19, 12, 100.0, 3.0, 3333.333333, 280.0, NULL, NULL, 2014, NULL, 'yes'),
  (378, 'ToffeeCoffeeRoasters', 3, 19, 9, 60.0, 2.0, 3000.0, 230.0, 33.0, 62.0, 2019, NULL, NULL),
  (379, 'PushSports', 3, 20, 8, 80.0, 1.0, 8000.0, 900.0, 50.0, NULL, 2017, NULL, NULL),
  (380, 'ORBO', 3, 20, 17, 100.0, 0.75, 13333.33333, NULL, 18.0, NULL, 2019, NULL, NULL),
  (381, 'CannazoIndia', 3, 20, 3, 150.0, 5.0, 3000.0, 50.0, 18.0, NULL, 2022, NULL, NULL),
  (382, 'Chefling', 3, 21, 9, 40.0, 10.0, 400.0, 20.0, 2.0, 70.0, 2020, NULL, NULL),
  (383, 'IntenseFocus', 3, 21, 3, 500.0, 5.0, 10000.0, 825.0, 100.0, 60.0, 2021, NULL, NULL),
  (384, 'MilletAmma', 3, 21, 9, 100.0, 3.0, 3333.333333, 220.0, 33.0, NULL, 2017, NULL, NULL),
  (385, 'D''chica', 3, 22, 3, 80.0, 1.0, 8000.0, 1030.0, 120.0, NULL, 2020, NULL, NULL),
  (386, 'Refit', 3, 22, 6, 200.0, 0.5, 40000.0, 18700.0, 3500.0, 14.0, 2017, 'yes', NULL),
  (387, 'HouseOfBeautyIndia', 3, 22, 3, 150.0, 5.0, 3000.0, NULL, 40.0, NULL, 2021, 'yes', NULL),
  (388, 'Artinci', 3, 23, 9, 50.0, 1.75, 2857.142857, 440.0, 33.0, 62.0, 2017, NULL, 'yes'),
  (389, 'TheRageRoom', 3, 23, 4, 20.0, 30.0, 66.66666667, NULL, NULL, NULL, 2022, NULL, NULL),
  (390, 'Aastey', 3, 23, 3, 80.0, 2.0, 4000.0, NULL, 150.0, NULL, 2021, NULL, NULL),
  (391, 'Matri', 3, 24, 15, 60.0, 4.0, 1500.0, NULL, NULL, NULL, NULL, NULL, 'yes'),
  (392, 'Rubbabu', 3, 24, 14, 200.0, 5.0, 4000.0, 400.0, 52.0, NULL, 2020, NULL, NULL),
  (393, 'GulaboJaipur', 3, 24, 3, 90.0, 1.0, 9000.0, 450.0, 72.0, NULL, 2014, NULL, NULL),
  (394, 'AristaVault', 3, 25, 14, 45.0, 1.5, 3000.0, 360.0, 65.0, NULL, 2018, NULL, NULL),
  (395, 'ToHands', 3, 25, 17, 55.0, 1.0, 5500.0, NULL, NULL, NULL, 2023, NULL, NULL),
  (396, 'PlusGold', 3, 25, 17, 60.0, 1.0, 6000.0, NULL, NULL, NULL, 2022, NULL, NULL),
  (397, 'Aroleap', 3, 26, 15, 100.0, 2.5, 4000.0, 100.0, NULL, NULL, 2020, 'funded', 'yes'),
  (398, 'Cosmix', 3, 26, 15, 100.0, 1.0, 10000.0, 750.0, NULL, 70.0, 2019, 'yes', NULL),
  (399, 'Fabriclore', 3, 26, 3, 68.7, 1.0, 6870.0, 1000.0, NULL, NULL, 2016, 'funded', NULL),
  (400, 'PolishMePretty', 3, 27, 3, 25.0, 25.0, 100.0, NULL, NULL, NULL, 2022, NULL, NULL),
  (401, 'GridMats', 3, 27, 14, 500.0, 2.0, 25000.0, 450.0, NULL, NULL, 2017, NULL, 'yes'),
  (402, 'UnclePetersPanCakes', 3, 27, 9, 60.0, 2.0, 3000.0, 1400.0, 210.0, NULL, 2019, 'yes', NULL),
  (403, 'CreativeHatti', 3, 28, 4, 60.0, 2.0, 3000.0, 400.0, 55.0, NULL, 2020, NULL, 'yes'),
  (404, 'CandidMen', 3, 28, 3, 60.0, 2.0, 3000.0, 210.0, NULL, NULL, 2017, 'yes', NULL),
  (405, 'Flyrobe', 3, 28, 3, 50.0, 1.0, 5000.0, 290.0, 63.0, NULL, 2020, 'funded', NULL),
  (406, 'WiseLife', 3, 29, 15, 60.0, 2.0, 3000.0, 400.0, 100.0, NULL, 2020, NULL, NULL),
  (407, 'Cervicheck', 3, 29, 15, 75.0, 1.5, 5000.0, NULL, NULL, NULL, 2019, 'funded', 'yes'),
  (408, 'Eatverse', 3, 29, 9, 100.0, 1.0, 10000.0, 107.0, 172.0, NULL, 2014, NULL, NULL),
  (409, 'AvataarSkincare', 3, 30, 3, 70.0, 1.0, 7000.0, NULL, 60.0, 87.0, 2022, 'funded', NULL),
  (410, 'ChalteFirteMangalkaryalay', 3, 30, 4, 200.0, 10.0, 2000.0, NULL, NULL, NULL, 2023, NULL, NULL),
  (411, 'KryzenBiotech', 3, 30, 1, 75.0, 3.0, 2500.0, 225.0, NULL, NULL, 2019, NULL, NULL),
  (412, 'FOMO', 3, 31, 9, 35.0, 4.0, 875.0, NULL, 3.4, 50.0, 2022, 'funded', NULL),
  (413, 'ModelVerse', 3, 31, 17, 25.0, 10.0, 250.0, NULL, NULL, NULL, 2023, NULL, NULL),
  (414, 'VikrantBikes', 3, 31, 18, 30.0, 5.0, 600.0, NULL, NULL, NULL, NULL, NULL, NULL),
  (415, 'TheShellHair', 3, 32, 3, 30.0, 3.0, 1000.0, 120.0, 9.73, NULL, 2020, 'yes', NULL),
  (416, 'Rize', 3, 32, 9, 45.0, 6.0, 750.0, 0.0, NULL, NULL, 2023, 'funded', NULL),
  (417, 'MEPACK', 3, 32, 4, 7.0, 10.0, 70.0, NULL, NULL, NULL, 2023, NULL, NULL),
  (418, 'BaccaBucci', 3, 33, 3, 250.0, 1.0, 25000.0, 4700.0, NULL, 55.0, 2014, 'yes', NULL),
  (419, 'Vobble', 3, 33, 5, 25.0, 1.5, 1666.666667, NULL, NULL, NULL, 2023, 'funded', 'yes'),
  (420, 'BeUNatural', 3, 33, 3, 60.0, 2.5, 2400.0, 400.0, 28.0, NULL, 2015, 'yes', NULL),
  (421, 'Erotissch', 3, 34, 3, 75.0, 3.0, 2500.0, 380.0, NULL, 63.0, 2019, NULL, NULL),
  (422, 'Niblerzz', 3, 34, 9, 50.0, 3.0, 1666.666667, 16.0, 5.5, NULL, 2022, 'yes', NULL),
  (423, 'Sorich', 3, 34, 9, 90.0, 2.5, 3600.0, 706.0, 55.0, 48.0, 2011, 'yes', NULL),
  (424, 'LittleBox', 3, 35, 3, 75.0, 1.0, 7500.0, 3600.0, 200.0, 50.0, 2022, 'yes', NULL),
  (425, 'CremeCastle', 3, 35, 9, 60.0, 1.5, 4000.0, 720.0, NULL, 65.0, 2015, NULL, NULL),
  (426, 'Namakwali', 3, 35, 9, 50.0, 5.0, 1000.0, 38.0, 3.0, NULL, 2018, NULL, NULL),
  (427, 'KariboCosmetics', 3, 36, 3, 80.0, 5.0, 1600.0, 80.0, NULL, 60.0, 2019, NULL, NULL),
  (428, 'Deeva', 3, 36, 3, 200.0, 4.0, 5000.0, 700.0, 58.0, 60.0, 2021, NULL, NULL),
  (429, 'DesignTemplate', 3, 36, 17, 100.0, 2.5, 4000.0, 160.0, 16.0, NULL, NULL, NULL, NULL),
  (430, 'Sama', 3, 37, 4, 100.0, 1.0, 10000.0, 640.0, 100.0, NULL, 2015, 'funded', NULL),
  (431, 'GoldenFeathers', 3, 37, 14, 500.0, 5.0, 10000.0, 150.0, NULL, NULL, 2019, 'funded', 'yes'),
  (432, 'Myracle.io', 3, 37, 17, 120.0, 3.0, 4000.0, NULL, NULL, NULL, 2021, 'yes', NULL),
  (433, 'Cup-ji', 3, 38, 9, 50.0, 5.0, 1000.0, 62.0, 3.5, 40.0, 2022, NULL, NULL),
  (434, 'AToddlerThing', 3, 38, 3, 80.0, 2.0, 4000.0, 478.0, 73.0, 52.0, 2017, 'funded', NULL),
  (435, 'FlexifyMe', 3, 38, 15, 100.0, 2.0, 5000.0, NULL, 33.0, 60.0, 2021, 'funded', NULL),
  (436, 'Dharaksha', 3, 39, 10, 0.0125, 1.0, 1.25, NULL, NULL, NULL, 2020, 'funded', NULL),
  (437, 'iDreamCareer', 3, 39, 17, 110.0, 1.28, 8593.75, 840.0, NULL, NULL, 2012, 'funded', NULL),
  (438, 'RockPaperRum', 3, 39, 13, 50.0, 2.0, 2500.0, NULL, NULL, NULL, 2022, 'funded', NULL),
  (439, 'Fit&Flex', 3, 40, 9, 100.0, 3.0, 3333.333333, 460.0, NULL, NULL, 2019, 'yes', NULL),
  (440, 'Sukham', 3, 40, 15, 100.0, 3.33, 3003.003003, 47.0, 21.0, NULL, NULL, 'funded', NULL),
  (441, 'Smotect', 3, 40, 15, 100.0, 1.0, 10000.0, 281.0, 100.0, 80.0, 2022, 'yes', NULL),
  (442, 'Katidhan', 3, 41, 14, 150.0, 2.5, 6000.0, 60.0, NULL, 50.0, 2020, 'yes', NULL),
  (443, 'NEMAAI', 3, 41, 17, 80.0, 5.0, 1600.0, NULL, 0.3, NULL, 2023, 'funded', NULL),
  (444, 'MaplePods', 3, 41, 4, 150.0, 5.0, 3000.0, NULL, NULL, NULL, 2021, NULL, NULL),
  (445, 'SpecOps', 3, 42, 16, 80.0, 2.0, 4000.0, 626.0, 70.0, 20.0, NULL, 'yes', NULL),
  (446, 'KaabilKids', 3, 42, 17, 70.0, 2.0, 3500.0, NULL, 29.0, NULL, 2019, 'funded', NULL),
  (447, 'OddGiraffe', 3, 42, 12, 75.0, 7.5, 1000.0, 410.0, 27.0, 80.0, 2019, 'funded', NULL),
  (448, 'Nemocare', 3, 43, 15, 100.0, 2.5, 4000.0, 90.0, NULL, 66.0, 2016, NULL, 'yes'),
  (449, 'WhySoBlue', 3, 43, 3, 75.0, 3.0, 2500.0, 300.0, NULL, NULL, 2015, NULL, NULL),
  (450, 'CoratiaTechnologies', 3, 43, 17, 80.0, 1.0, 8000.0, 128.0, NULL, NULL, 2021, NULL, NULL),
  (451, 'Coolant', 3, 44, 14, 90.0, 1.0, 9000.0, 110.0, NULL, NULL, 2017, NULL, NULL),
  (452, 'Xmachines', 3, 44, 17, 72.0, 4.0, 1800.0, 0.0, NULL, NULL, 2017, 'funded', NULL),
  (453, 'Luvottica', 3, 44, 12, 200.0, 10.0, 2000.0, 100.0, NULL, 80.0, 2019, NULL, NULL),
  (454, 'FarmDidi', 3, 45, 9, 50.0, 2.0, 2500.0, 60.0, 10.0, 65.0, 2021, 'funded', NULL),
  (455, 'Popcorn', 3, 45, 9, 75.0, 7.5, 1000.0, 180.0, NULL, 65.0, 2019, NULL, NULL),
  (456, 'Prorata', 3, 45, 4, 100.0, 2.0, 5000.0, 0.0, NULL, NULL, 2022, 'funded', NULL),
  (457, 'Indigifts', 3, 46, 4, 50.0, 2.0, 2500.0, 740.0, 76.0, 75.0, 2017, 'yes', NULL),
  (458, 'AlienVersions', 3, 46, 18, 50.0, 5.0, 1000.0, 0.0, NULL, NULL, 2023, NULL, NULL),
  (459, 'Rocca', 3, 46, 9, 60.0, 4.0, 1500.0, 250.0, 9.5, 60.0, 2019, 'funded', NULL),
  (460, 'KikoLive', 3, 47, 17, 100.0, 1.0, 10000.0, 25.0, 3.0, NULL, 2020, 'funded', 'yes'),
  (461, 'Melooha', 3, 47, 16, 80.0, 2.0, 4000.0, 0.0, NULL, NULL, 2022, NULL, 'yes'),
  (462, 'FUTRStudios', 3, 47, 17, 100.0, 2.5, 4000.0, 46.0, NULL, NULL, 2022, 'yes', NULL),
  (463, 'Allter', 3, 48, 12, 100.0, 2.5, 4000.0, 1000.0, NULL, NULL, 2020, 'yes', NULL),
  (464, 'FirstBudOrganics', 3, 48, 9, 50.0, 7.0, 714.2857143, 150.0, 22.0, NULL, 2017, 'yes', NULL),
  (465, 'Shararat', 3, 48, 12, 60.0, 7.0, 857.1428571, 330.0, 27.0, NULL, 2020, 'funded', NULL),
  (466, 'Competishun', 3, 49, 5, 200.0, 1.0, 20000.0, 1025.0, NULL, NULL, 2020, NULL, NULL),
  (467, 'BombayClosetCleanse', 3, 49, 3, 100.0, 2.5, 4000.0, 190.0, 20.0, NULL, 2020, NULL, NULL),
  (468, 'KioskKaffee', 3, 49, 9, 90.0, 3.0, 3000.0, 840.0, NULL, NULL, 2020, NULL, NULL),
  (469, 'NeonAttack', 3, 50, 12, 75.0, 3.0, 2500.0, 1000.0, 63.0, NULL, 2020, NULL, NULL),
  (470, 'PTal', 3, 50, 12, 50.0, 1.0, 5000.0, 398.0, NULL, NULL, 2017, 'funded', NULL),
  (471, 'RoadPilot', 3, 50, 17, 80.0, 5.0, 1600.0, NULL, NULL, NULL, 2021, NULL, NULL),
  (472, 'SmartMop', 3, 51, 12, 15.0, 1.0, 1500.0, NULL, NULL, NULL, 2022, NULL, 'yes'),
  (473, 'Lea', 3, 51, 3, 100.0, 2.0, 5000.0, 300.0, 60.0, 80.0, 2021, NULL, NULL),
  (474, '$KrishnaRama', 3, 51, 7, 200.0, 30.0, 666.6666667, NULL, NULL, NULL, 2023, NULL, NULL),
  (475, 'Rentit4me', 3, 51, 4, 150.0, 5.0, 3000.0, 142.0, 23.0, 36.0, 2023, NULL, NULL),
  (476, 'CoolTheGlobe', 3, 52, 10, 25.0, 5.0, 500.0, 0.0, NULL, NULL, 2023, NULL, NULL),
  (477, 'Canvaloop', 3, 52, 10, 100.0, 1.33, 7518.796992, 320.0, 120.0, NULL, 2020, 'funded', NULL),
  (478, 'DigitalPaani', 3, 52, 10, 70.0, 1.0, 7000.0, 220.0, NULL, 30.0, 2020, 'funded', NULL);

-- ===== 3. FOUNDERS =====
INSERT INTO founders
  (pitch_id, num_presenters, male_presenters, female_presenters,
   is_couple, pitcher_city, pitcher_state, avg_age_group)
VALUES
  (1, 3, 2, 1, 0, 'Delhi', 'Delhi', 'middle'),
  (2, 1, 1, NULL, 0, 'Ahmedabad', 'Gujarat', 'young'),
  (3, 1, NULL, 1, 0, 'Delhi', 'Delhi', 'young'),
  (4, 2, 2, NULL, 0, 'Bangalore', 'Karnataka', 'middle'),
  (5, 4, 1, 3, 1, 'Patiala', 'Punjab', 'middle'),
  (6, 2, 1, 1, 1, 'Baramati', 'Maharashtra', 'middle'),
  (7, 2, NULL, 2, 0, 'Delhi,Mohali', 'Delhi,Punjab', 'middle'),
  (8, 1, 1, NULL, 0, 'Jalna', 'Maharashtra', 'young'),
  (9, 2, 2, NULL, 0, 'Bangalore', 'Karnataka', 'middle'),
  (10, 2, 1, 1, 1, 'Delhi', 'Delhi', 'middle'),
  (11, 2, NULL, 2, 0, 'Darbhanga', 'Bihar', 'old'),
  (12, 1, 1, NULL, 0, 'Ahmedabad', 'Gujarat', 'young'),
  (13, 3, 3, NULL, 0, 'Nashik', 'Maharashtra', 'young'),
  (14, 2, 2, NULL, 0, 'Mumbai', 'Maharashtra', 'middle'),
  (15, 2, 1, 1, 1, 'Nagpur', 'Maharashtra', 'middle'),
  (16, 2, 1, 1, 1, 'Hyderabad', 'Telangana', 'middle'),
  (17, 2, 1, 1, 1, 'Ahmedabad', 'Gujarat', 'middle'),
  (18, 1, NULL, 1, 0, 'Hyderabad', 'Telangana', 'middle'),
  (19, 2, 1, 1, 1, 'Gurgaon', 'Haryana', 'middle'),
  (20, 1, 1, NULL, 0, 'Ahmedabad', 'Gujarat', 'middle'),
  (21, 2, 1, 1, 0, 'Gurgaon', 'Haryana', 'young'),
  (22, 3, 1, 2, 0, 'Pune', 'Maharashtra', 'middle'),
  (23, 1, 1, NULL, 0, 'Thiruvananthapuram', 'Kerala', 'middle'),
  (24, 2, 1, 1, 0, 'Hyderabad', 'Telangana', 'young'),
  (25, 4, 4, NULL, 0, 'Vadodara', 'Gujarat', 'middle'),
  (26, 4, 4, NULL, 0, 'Kolkata', 'West Bengal', 'young'),
  (27, 2, 1, 1, 1, 'Chennai', 'Tamil Nadu', 'young'),
  (28, 2, 1, 1, 1, 'Jaipur', 'Rajasthan', 'middle'),
  (29, 2, NULL, 2, 0, 'Ahmedabad', 'Gujarat', 'young'),
  (30, 3, 3, NULL, 0, 'Pune', 'Maharashtra', 'middle'),
  (31, 3, 2, 1, 0, 'Pune', 'Maharashtra', 'young'),
  (32, 1, 1, NULL, 0, 'Delhi', 'Delhi', 'middle'),
  (33, 3, 3, NULL, 0, 'Delhi', 'Delhi', 'middle'),
  (34, 2, 1, 1, 0, 'Nagpur', 'Maharashtra', 'young'),
  (35, 1, NULL, 1, 0, 'Kolkata', 'West Bengal', 'middle'),
  (36, 2, 1, 1, 1, 'Pune', 'Maharashtra', 'middle'),
  (37, 1, 1, NULL, 0, 'Delhi', 'Delhi', 'young'),
  (38, 4, 3, 1, 1, 'Bangalore', 'Karnataka', 'young'),
  (39, 2, NULL, 2, 0, 'Indore', 'Madhya Pradesh', 'middle'),
  (40, 1, 1, NULL, 0, 'Mumbai', 'Maharashtra', 'middle'),
  (41, 1, 1, NULL, 0, 'Mumbai', 'Maharashtra', 'middle'),
  (42, 3, 2, 1, 0, 'Valsad', 'Gujarat', 'middle'),
  (43, 2, NULL, 2, 0, 'Delhi', 'Delhi', 'young'),
  (44, 3, 3, NULL, 0, 'Panipat', 'Haryana', 'young'),
  (45, 2, 2, NULL, 0, 'Mumbai', 'Maharashtra', 'young'),
  (46, 3, 3, NULL, 0, 'Hyderabad', 'Telangana', 'middle'),
  (47, 2, 1, 1, 1, 'Pune', 'Maharashtra', 'middle'),
  (48, 3, 2, 1, 0, 'Delhi', 'Delhi', 'middle'),
  (49, 2, 1, 1, 0, 'Kolkata', 'West Bengal', 'young'),
  (50, 4, 1, 3, 1, 'Delhi', 'Delhi', 'middle'),
  (51, 3, 3, NULL, 0, 'Ludhiana', 'Punjab', 'young'),
  (52, 2, 1, 1, 1, 'Mumbai', 'Maharashtra', 'middle'),
  (53, 2, 1, 1, 0, 'Kolkata', 'West Bengal', 'young'),
  (54, 1, 1, NULL, 0, 'Pune', 'Maharashtra', 'middle'),
  (55, 3, 2, 1, 0, 'Mumbai', 'Maharashtra', 'middle'),
  (56, 1, NULL, 1, 0, 'Bangalore', 'Karnataka', 'middle'),
  (57, 2, 2, NULL, 0, 'Gurgaon', 'Haryana', 'middle'),
  (58, 1, NULL, 1, 0, 'Bangalore', 'Karnataka', 'middle'),
  (59, 2, 2, NULL, 0, 'Bangalore', 'Karnataka', 'middle'),
  (60, 2, 2, NULL, 0, 'Ernakulam', 'Kerala', 'middle'),
  (61, 1, 1, NULL, 0, 'Delhi', 'Delhi', 'young'),
  (62, 3, 3, NULL, 0, 'Mumbai', 'Maharashtra', 'middle'),
  (63, 2, 1, 1, 0, 'Bangalore,Kolkata', 'Karnataka,West Bengal', 'young'),
  (64, 2, 2, NULL, 0, 'Delhi', 'Delhi', 'young'),
  (65, 3, 3, NULL, 0, 'Pune', 'Maharashtra', 'middle'),
  (66, 2, 1, 1, 0, 'Mumbai', 'Maharashtra', 'middle'),
  (67, 1, 1, NULL, 0, 'Jammu', 'Jammu & Kashmir', 'young'),
  (68, 1, NULL, 1, 0, 'Mathura', 'Uttar Pradesh', 'young'),
  (69, 3, 3, NULL, 0, 'Gurgaon', 'Haryana', 'middle'),
  (70, 1, NULL, 1, 0, 'Mumbai', 'Maharashtra', 'middle'),
  (71, 2, 2, NULL, 0, 'Mumbai', 'Maharashtra', 'middle'),
  (72, 3, 3, NULL, 0, 'Gurgaon', 'Haryana', 'middle'),
  (73, 1, NULL, 1, 0, 'Jammu', 'Jammu & Kashmir', 'young'),
  (74, 1, 1, NULL, 0, 'Mumbai', 'Maharashtra', 'young'),
  (75, 2, 1, 1, 1, 'Hyderabad', 'Telangana', 'middle'),
  (76, 2, 1, 1, 0, 'Delhi', 'Delhi', 'young'),
  (77, 1, NULL, 1, 0, 'Mumbai', 'Maharashtra', 'young'),
  (78, 2, 2, NULL, 0, 'Malegaon', 'Maharashtra', 'young'),
  (79, 2, 1, 1, 0, 'Jaipur', 'Rajasthan', 'middle'),
  (80, 1, NULL, 1, 0, 'Mumbai', 'Maharashtra', 'young'),
  (81, 4, 4, NULL, 0, 'Dehradun', 'Uttarakhand', 'young'),
  (82, 4, 4, NULL, 0, 'Surat', 'Gujarat', 'young'),
  (83, 1, NULL, 1, 0, 'Lucknow', 'Uttar Pradesh', 'young'),
  (84, 3, 3, NULL, 0, 'Ahmedabad', 'Gujarat', 'middle'),
  (85, 2, 2, NULL, 0, 'Kolkata', 'West Bengal', 'middle'),
  (86, 1, 1, NULL, 0, 'Gandhinagar', 'Gujarat', 'young'),
  (87, 1, 1, NULL, 0, 'Pune', 'Maharashtra', 'young'),
  (88, 6, 6, NULL, 0, 'Noida', 'Uttar Pradesh', 'young'),
  (89, 3, 2, 1, 0, 'Noida', 'Uttar Pradesh', 'middle'),
  (90, 3, 2, 1, 0, 'Pune', 'Maharashtra', 'middle'),
  (91, 2, 1, 1, 1, 'Mangalore', 'Karnataka', 'young'),
  (92, 2, 2, NULL, 0, 'Mumbai', 'Maharashtra', 'middle'),
  (93, 1, 1, NULL, 0, 'Goa', 'Goa', 'middle'),
  (94, 2, 1, 1, 1, 'Gandhinagar', 'Gujarat', 'young'),
  (95, 2, 2, NULL, 0, 'Mumbai', 'Maharashtra', 'young'),
  (96, 1, 1, NULL, 0, 'Pune', 'Maharashtra', 'middle'),
  (97, 2, 2, NULL, 0, 'Bangalore', 'Karnataka', 'middle'),
  (98, 2, 1, 1, 1, 'Bangalore', 'Karnataka', 'young'),
  (99, 1, 1, NULL, 0, 'Bangalore', 'Karnataka', 'middle'),
  (100, 2, NULL, 2, 0, 'Varanasi', 'Uttar Pradesh', 'middle'),
  (101, 2, 1, 1, 0, 'Bhagalpur', 'Bihar', 'young'),
  (102, 3, 3, NULL, 0, 'Bangalore', 'Karnataka', 'middle'),
  (103, 2, 1, 1, 1, 'Coimbatore', 'Tamil Nadu', 'middle'),
  (104, 2, NULL, 2, 0, 'Mumbai', 'Maharashtra', 'middle'),
  (105, 2, 2, NULL, 0, 'Mumbai', 'Maharashtra', 'middle'),
  (106, 2, 2, NULL, 0, 'Mumbai', 'Maharashtra', 'middle'),
  (107, 2, 1, 1, 1, 'Ahmedabad', 'Gujarat', 'middle'),
  (108, 2, 1, 1, 1, 'Mumbai', 'Maharashtra', 'middle'),
  (109, 2, 1, 1, 1, 'Thane', 'Maharashtra', 'middle'),
  (110, 4, 4, NULL, 0, 'Delhi', 'Delhi', 'middle'),
  (111, 2, 2, NULL, 0, 'Delhi', 'Delhi', 'middle'),
  (112, 2, 2, NULL, 0, 'Delhi,Pune', 'Delhi,Maharashtra', 'young'),
  (113, 1, NULL, 1, 0, 'Mumbai', 'Maharashtra', 'young'),
  (114, 2, 1, 1, 1, 'Mumbai', 'Maharashtra', 'middle'),
  (115, 1, 1, NULL, 0, 'Ahmedabad', 'Gujarat', 'middle'),
  (116, 1, 1, NULL, 0, 'Modinagar', 'Uttar Pradesh', 'middle'),
  (117, 3, 1, 2, 0, 'Mumbai', 'Maharashtra', 'middle'),
  (118, 3, 2, 1, 0, 'Mumbai', 'Maharashtra', 'middle'),
  (119, 1, 1, NULL, 0, 'Delhi', 'Delhi', 'young'),
  (120, 2, 2, NULL, 0, 'Surat', 'Gujarat', 'middle'),
  (121, 3, 2, 1, 1, 'Noida', 'Uttar Pradesh', 'middle'),
  (122, 2, 2, NULL, 0, 'Delhi', 'Delhi', 'middle'),
  (123, 2, 1, 1, 0, 'Mumbai', 'Maharashtra', 'middle'),
  (124, 2, 1, NULL, 0, 'Pune', 'Maharashtra', 'middle'),
  (125, 1, 1, NULL, 0, 'Lucknow', 'Uttar Pradesh', 'young'),
  (126, 1, 1, NULL, 0, 'Delhi', 'Delhi', 'middle'),
  (127, 2, 1, 1, 0, 'Bangalore', 'Karnataka', 'middle'),
  (128, 1, 1, NULL, 0, 'Jaipur', 'Rajasthan', 'middle'),
  (129, 2, 1, 1, 1, 'Gurgaon', 'Haryana', 'middle'),
  (130, 1, NULL, 1, 0, 'Mumbai', 'Maharashtra', 'middle'),
  (131, 2, 1, 1, 1, 'Madhubani', 'Bihar', 'middle'),
  (132, 1, 1, NULL, 0, 'Indore', 'Madhya Pradesh', 'middle'),
  (133, 4, 3, NULL, 0, 'Noida', 'Uttar Pradesh', 'middle'),
  (134, 3, 3, NULL, 0, 'Delhi', 'Delhi', 'middle'),
  (135, 2, 1, 1, 0, 'Chennai', 'Tamil Nadu', 'middle'),
  (136, 2, 2, NULL, 0, 'Ahmedabad', 'Gujarat', 'young'),
  (137, 3, 2, 1, 0, 'Mumbai', 'Maharashtra', 'middle'),
  (138, 2, 1, 1, 1, 'Gurgaon', 'Haryana', 'young'),
  (139, 1, 1, NULL, 0, 'Mumbai', 'Maharashtra', 'young'),
  (140, 2, 2, NULL, 0, 'Delhi', 'Delhi', 'young'),
  (141, 3, 2, 1, 0, 'Hyderabad', 'Telangana', 'middle'),
  (142, 3, 2, 1, 1, 'Ahmedabad', 'Gujarat', 'middle'),
  (143, 1, NULL, 1, 0, 'Chennai', 'Tamil Nadu', 'middle'),
  (144, 2, 2, NULL, 0, 'Mumbai', 'Maharashtra', 'middle'),
  (145, 2, 1, 1, 0, 'Bangalore', 'Karnataka', 'young'),
  (146, 2, 1, 1, 1, 'Pune', 'Maharashtra', 'middle'),
  (147, 2, 2, NULL, 0, 'Delhi', 'Delhi', 'middle'),
  (148, 2, 2, NULL, 0, 'Pune', 'Maharashtra', 'young'),
  (149, 2, 1, 1, 1, 'Ludhiana', 'Punjab', 'middle'),
  (150, 2, 1, 1, 0, 'Gurgaon', 'Haryana', 'young'),
  (151, 2, 2, NULL, 0, 'Gandhinagar', 'Gujarat', 'middle'),
  (152, 3, 2, 1, 1, 'Mumbai', 'Maharashtra', 'middle'),
  (153, 2, NULL, 2, 0, 'Bangalore', 'Karnataka', 'young'),
  (154, 2, 2, NULL, 0, 'Darjeeling', 'West Bengal', 'young'),
  (155, 2, 2, NULL, 0, 'Ludhiana', 'Punjab', 'middle'),
  (156, 2, 1, 1, 1, 'Pune', 'Maharashtra', 'middle'),
  (157, 2, 2, NULL, 0, 'Thane', 'Maharashtra', 'young'),
  (158, 2, 2, NULL, 0, 'Delhi', 'Delhi', 'young'),
  (159, 2, NULL, 2, 0, 'Delhi', 'Delhi', 'young'),
  (160, 3, 3, NULL, 0, 'Bhiwani,Barnagar', 'Haryana,Madhya Pradesh', 'young'),
  (161, 2, 1, 1, 1, 'Mumbai', 'Maharashtra', 'young'),
  (162, 2, 2, NULL, 0, 'Hyderabad', 'Telangana', 'young'),
  (163, 3, 2, 1, 0, 'Mumbai', 'Maharashtra', 'young'),
  (164, 2, 1, 1, 1, 'Mumbai', 'Maharashtra', 'middle'),
  (165, 2, 1, 1, 1, 'Faridabad', 'Haryana', 'middle'),
  (166, 1, 1, NULL, 0, 'Bangalore', 'Karnataka', 'middle'),
  (167, 3, 3, NULL, 0, 'Delhi', 'Delhi', 'middle'),
  (168, 3, 2, 1, 0, 'Mumbai', 'Maharashtra', 'young'),
  (169, 2, 1, 1, 0, 'Shimla', 'Himachal Pradesh', 'middle'),
  (170, 3, 3, NULL, 0, 'Thane', 'Maharashtra', 'middle'),
  (171, 2, 1, 1, 1, 'Kolkata', 'West Bengal', 'middle'),
  (172, 2, 1, 1, 0, 'Ahmedabad', 'Gujarat', 'young'),
  (173, 3, 3, NULL, 0, 'Mumbai', 'Maharashtra', 'middle'),
  (174, 1, 1, NULL, 0, 'Jamshedpur', 'Jharkhand', 'middle'),
  (175, 2, NULL, 2, 0, 'Delhi', 'Delhi', 'middle'),
  (176, 1, NULL, 1, 0, 'Delhi', 'Delhi', 'middle'),
  (177, 2, 1, 1, 1, 'Ahmedabad', 'Gujarat', 'young'),
  (178, 1, NULL, 1, 0, 'Delhi', 'Delhi', 'middle'),
  (179, 2, 2, NULL, 0, 'Jaipur', 'Rajasthan', 'young'),
  (180, 2, 2, NULL, 0, 'Ludhiana', 'Punjab', 'middle'),
  (181, 2, 2, NULL, 0, 'Bangalore', 'Karnataka', 'middle'),
  (182, 2, 2, NULL, 0, 'Pune', 'Maharashtra', 'middle'),
  (183, 4, 4, NULL, 0, 'Delhi', 'Delhi', 'middle'),
  (184, 2, 1, 1, 0, 'Bangalore', 'Karnataka', 'middle'),
  (185, 2, 2, NULL, 0, 'Pune', 'Maharashtra', 'middle'),
  (186, 1, 1, NULL, 0, 'Alwar', 'Rajasthan', 'middle'),
  (187, 1, 1, NULL, 0, 'Jaipur', 'Rajasthan', 'middle'),
  (188, 3, 2, 1, 0, 'Surat', 'Gujarat', 'young'),
  (189, 2, NULL, 2, 0, 'Delhi', 'Delhi', 'young'),
  (190, 2, 1, 1, 1, 'Gurgaon', 'Haryana', 'middle'),
  (191, 2, 1, 1, 0, 'Ghaziabad', 'Uttar Pradesh', 'young'),
  (192, 2, 1, 1, 1, 'Delhi', 'Delhi', 'middle'),
  (193, 4, 4, NULL, 0, 'Amaravati', 'Maharashtra', 'middle'),
  (194, 2, 2, NULL, 0, 'Shinde', 'Maharashtra', 'middle'),
  (195, 2, 2, NULL, 0, 'Srinagar', 'Jammu & Kashmir', 'young'),
  (196, 2, 1, 1, 1, 'Dhule', 'Maharashtra', 'middle'),
  (197, 3, 3, NULL, 0, 'Bangalore', 'Karnataka', 'middle'),
  (198, 2, 2, NULL, 0, 'Hyderabad', 'Telangana', 'middle'),
  (199, 4, 3, 1, 0, 'Chennai', 'Tamil Nadu', 'middle'),
  (200, 5, 3, 2, 1, 'Surat', 'Gujarat', 'middle'),
  (201, 2, 2, NULL, 0, 'Delhi', 'Delhi', 'middle'),
  (202, 2, NULL, 2, 0, 'Kota', 'Rajasthan', 'middle'),
  (203, 1, 1, NULL, 0, 'Delhi', 'Delhi', 'middle'),
  (204, 3, 3, NULL, 0, 'Chennai', 'Tamil Nadu', 'middle'),
  (205, 2, 1, 1, 1, 'Nagpur', 'Maharashtra', 'middle'),
  (206, 1, 1, NULL, 0, 'Kolkata', 'West Bengal', 'middle'),
  (207, 1, 1, NULL, 0, 'Mumbai', 'Maharashtra', 'middle'),
  (208, 3, 2, 1, 0, 'Mumbai', 'Maharashtra', 'middle'),
  (209, 3, 3, NULL, 0, 'Ahmedabad', 'Gujarat', 'middle'),
  (210, 1, 1, NULL, 0, 'Bangalore', 'Karnataka', 'middle'),
  (211, 3, 3, NULL, 0, 'Hyderabad', 'Telangana', 'middle'),
  (212, 1, NULL, 1, 0, 'Bangalore', 'Karnataka', 'middle'),
  (213, 2, 1, 1, 1, 'Delhi', 'Delhi', 'middle'),
  (214, 2, NULL, 2, 0, 'Bangalore', 'Karnataka', 'middle'),
  (215, 3, 2, 1, 1, 'Bangalore,Hyderabad', 'Karnataka,Telangana', 'middle'),
  (216, 3, 1, 1, 0, 'Noida', 'Uttar Pradesh', 'middle'),
  (217, 3, 2, 1, 0, 'Delhi', 'Delhi', 'middle'),
  (218, 1, 1, NULL, 0, 'Amaravati', 'Maharashtra', 'middle'),
  (219, 2, 2, NULL, 0, 'Ahmedabad', 'Gujarat', 'middle'),
  (220, 1, 1, NULL, 0, 'Pune', 'Maharashtra', 'young'),
  (221, 3, 1, 2, 0, 'Udaipur', 'Rajasthan', 'middle'),
  (222, 1, 1, NULL, 0, 'Mumbai', 'Maharashtra', 'young'),
  (223, 2, 2, NULL, 0, 'Ferozepur', 'Punjab', 'middle'),
  (224, 3, 2, 1, 0, 'Ahmedabad', 'Gujarat', 'middle'),
  (225, 2, 2, NULL, 0, 'Hyderabad,Mumbai', 'Telangana,Maharashtra', 'middle'),
  (226, 1, 1, NULL, 0, 'Bangalore', 'Karnataka', 'middle'),
  (227, 1, 1, NULL, 0, 'Delhi', 'Delhi', 'young'),
  (228, 2, 1, 1, 0, 'Pune', 'Maharashtra', 'middle'),
  (229, 2, NULL, 2, 0, 'Kochi,Mumbai', 'Kerala,Maharashtra', 'young'),
  (230, 2, 2, NULL, 0, 'Kolkata', 'West Bengal', 'young'),
  (231, 1, 1, NULL, 0, 'Delhi', 'Delhi', 'middle'),
  (232, 2, 2, NULL, 0, 'Faridabad,Kolkata', 'Haryana,West Bengal', 'middle'),
  (233, 2, 1, 1, 1, 'Mumbai', 'Maharashtra', 'middle'),
  (234, 3, 1, 2, 1, 'Surat', 'Gujarat', 'young'),
  (235, 2, 1, 1, 1, 'Jaipur', 'Rajasthan', 'middle'),
  (236, 2, 2, NULL, 0, 'Mumbai', 'Maharashtra', 'young'),
  (237, 2, 2, NULL, 0, 'Raipur', 'Chhattisgarh', 'middle'),
  (238, 1, NULL, 1, 0, 'Mumbai', 'Maharashtra', 'middle'),
  (239, 1, 1, NULL, 0, 'Bangalore', 'Karnataka', 'middle'),
  (240, 2, 2, NULL, 0, 'Banaskantha', 'Gujarat', 'young'),
  (241, 2, 1, 1, 0, 'Delhi', 'Delhi', 'middle'),
  (242, 1, 1, NULL, 0, 'Pataudi', 'Haryana', 'middle'),
  (243, 3, 3, NULL, 0, 'Delhi', 'Delhi', 'middle'),
  (244, 1, 1, NULL, 0, 'Delhi', 'Delhi', 'middle'),
  (245, 3, 3, NULL, 0, 'Ulhasnagar', 'Maharashtra', 'middle'),
  (246, 1, 1, NULL, 0, 'Pune', 'Maharashtra', 'young'),
  (247, 2, 2, NULL, 0, 'Bhopal', 'Madhya Pradesh', 'middle'),
  (248, 3, 2, 1, 1, 'Delhi', 'Delhi', 'middle'),
  (249, 2, 1, 1, 0, 'Ahmedabad', 'Gujarat', 'middle'),
  (250, 2, 1, 1, 1, 'Indore', 'Madhya Pradesh', 'middle'),
  (251, 2, 2, NULL, 0, 'Gurgaon', 'Haryana', 'middle'),
  (252, 2, 2, NULL, 0, 'Gurgaon', 'Haryana', 'middle'),
  (253, 3, 2, 1, 0, 'Bangalore', 'Karnataka', 'middle'),
  (254, 2, 2, NULL, 0, 'Pune', 'Maharashtra', 'middle'),
  (255, 2, 2, NULL, 0, 'Mumbai', 'Maharashtra', 'middle'),
  (256, 2, 2, NULL, 0, 'Ballarpur,Karnal', 'Haryana,Maharashtra', 'young'),
  (257, 2, NULL, 2, 0, 'Gurgaon', 'Haryana', 'middle'),
  (258, 3, 3, NULL, 0, 'Gurgaon', 'Haryana', 'middle'),
  (259, 2, 2, NULL, 0, 'Delhi', 'Delhi', 'middle'),
  (260, 2, NULL, 2, 0, 'Kolkata', 'West Bengal', 'middle'),
  (261, 2, 2, NULL, 0, 'Mumbai', 'Maharashtra', 'middle'),
  (262, 1, 1, NULL, 0, 'Jalandhar', 'Punjab', 'middle'),
  (263, 2, 1, 1, 1, 'Noida', 'Uttar Pradesh', 'young'),
  (264, 3, 2, 1, 0, 'Gwalior', 'Madhya Pradesh', 'middle'),
  (265, 2, 2, NULL, 0, 'Jalandhar', 'Punjab', 'middle'),
  (266, 2, 1, 1, 1, 'Gurgaon', 'Haryana', 'middle'),
  (267, 2, 2, NULL, 0, 'Hyderabad', 'Telangana', 'middle'),
  (268, 2, 2, NULL, 0, 'Mumbai', 'Maharashtra', 'middle'),
  (269, 1, 1, NULL, 0, 'Bikaner', 'Rajasthan', 'middle'),
  (270, 2, 2, NULL, 0, 'Goa', 'Goa', 'middle'),
  (271, 1, 1, NULL, 0, 'Mumbai', 'Maharashtra', 'middle'),
  (272, 3, 3, NULL, 0, 'Noida', 'Uttar Pradesh', 'young'),
  (273, 1, 1, NULL, 0, 'Bangalore', 'Karnataka', 'middle'),
  (274, 2, 1, 1, 0, 'Jaipur', 'Rajasthan', 'middle'),
  (275, 3, 3, NULL, 0, 'Bangalore', 'Karnataka', 'middle'),
  (276, 2, 2, NULL, 0, 'Kolkata', 'West Bengal', 'middle'),
  (277, 1, 1, NULL, 0, 'Mumbai', 'Maharashtra', 'middle'),
  (278, 3, 3, NULL, 0, 'Gurgaon', 'Haryana', 'middle'),
  (279, 2, 2, NULL, 0, 'Delhi', 'Delhi', 'young'),
  (280, 2, 2, NULL, 0, 'Surat', 'Gujarat', 'middle'),
  (281, 4, 4, NULL, 0, 'Himmatnagar', 'Gujarat', 'young'),
  (282, 2, 2, NULL, 0, 'Chennai', 'Tamil Nadu', 'middle'),
  (283, 4, 2, 2, 1, 'Mumbai', 'Maharashtra', 'middle'),
  (284, 2, 1, 1, 0, 'Kolkata', 'West Bengal', 'middle'),
  (285, 2, 2, NULL, 0, 'Delhi', 'Delhi', 'middle'),
  (286, 2, 2, NULL, 0, 'Bangalore', 'Karnataka', 'middle'),
  (287, 2, 2, NULL, 0, 'Bangalore', 'Karnataka', 'middle'),
  (288, 1, 1, NULL, 0, 'Bangalore', 'Karnataka', 'middle'),
  (289, 1, 1, NULL, 0, 'Kolkata', 'West Bengal', 'middle'),
  (290, 3, 1, 2, 1, 'Mumbai', 'Maharashtra', 'middle'),
  (291, 2, 2, NULL, 0, 'Delhi', 'Delhi', 'middle'),
  (292, 2, 2, NULL, 0, 'Hyderabad', 'Telangana', 'middle'),
  (293, 3, 1, 2, 1, 'Bangalore', 'Karnataka', 'middle'),
  (294, 3, 3, NULL, 0, 'Hyderabad', 'Telangana', 'middle'),
  (295, 2, 2, NULL, 0, 'Mumbai', 'Maharashtra', 'middle'),
  (296, 1, NULL, 1, 0, 'Mumbai', 'Maharashtra', 'middle'),
  (297, 2, 1, 1, 0, 'Bangalore,Punganur', 'Karnataka,Andhra Pradesh', 'middle'),
  (298, 3, 3, NULL, 0, 'Jhumri Telaiya,Raipur', 'Jharkhand,Chhattisgarh', 'middle'),
  (299, 2, 2, NULL, 0, 'Mumbai', 'Maharashtra', 'middle'),
  (300, 2, 2, NULL, 0, 'Mumbai', 'Maharashtra', 'middle'),
  (301, 1, 1, NULL, 0, 'Mumbai', 'Maharashtra', 'middle'),
  (302, 4, 4, NULL, 0, 'Goa', 'Goa', 'middle'),
  (303, 2, 2, NULL, 0, 'Mumbai', 'Maharashtra', 'young'),
  (304, 5, 5, NULL, 0, 'Dehradun,Nainital,Lucknow', 'Uttarakhand,Uttar Pradesh', 'young'),
  (305, 2, NULL, 2, 0, 'Bangalore', 'Karnataka', 'middle'),
  (306, 2, 1, 1, 0, 'Gopalganj', 'Bihar', 'middle'),
  (307, 2, 1, 1, 1, 'Bangalore', 'Karnataka', 'middle'),
  (308, 1, 1, NULL, 0, 'Ahmedabad,Mirzapur', 'Gujarat,Uttar Pradesh', 'middle'),
  (309, 2, 1, 1, 1, 'Ahmedabad', 'Gujarat', 'middle'),
  (310, 2, 2, NULL, 0, 'Bangalore', 'Karnataka', 'middle'),
  (311, 1, NULL, 1, 0, 'Aurangabad', 'Maharashtra', 'young'),
  (312, 1, NULL, 1, 0, 'Coimbatore', 'Tamil Nadu', 'young'),
  (313, 3, 3, NULL, 0, 'Mumbai', 'Maharashtra', 'middle'),
  (314, 3, 2, 1, 0, 'Ahmedabad', 'Gujarat', 'middle'),
  (315, 1, NULL, 1, 0, 'Mumbai', 'Maharashtra', 'middle'),
  (316, 1, 1, NULL, 0, 'Ahmedabad', 'Gujarat', 'middle'),
  (317, 2, 1, 1, 0, 'Bangalore', 'Karnataka', 'middle'),
  (318, 2, 1, 1, 1, 'Mumbai', 'Maharashtra', 'middle'),
  (319, 2, 1, 1, 1, 'Ziro', 'Arunachal Pradesh', 'middle'),
  (320, 2, 1, 1, 0, 'Delhi', 'Delhi', 'middle'),
  (321, 2, 1, 1, 0, 'Jodhpur', 'Rajasthan', 'middle'),
  (322, 1, 1, NULL, 0, 'Dhampur', 'Uttar Pradesh', 'middle'),
  (323, 1, 1, NULL, 0, 'Bilimora', 'Gujarat', 'young'),
  (324, 2, 2, NULL, 0, 'Jaipur', 'Rajasthan', 'middle'),
  (325, 1, NULL, 1, 0, 'Chandigarh', 'Punjab', 'middle'),
  (326, 2, 1, 1, 1, 'Noida', 'Uttar Pradesh', 'middle'),
  (327, 2, 2, NULL, 0, 'Ludhiana,Ghaziabad', 'Punjab,Uttar Pradesh', 'young'),
  (328, 2, 2, NULL, 0, 'Saharsa', 'Bihar', 'middle'),
  (329, 1, 1, NULL, 0, 'Mumbai', 'Maharashtra', 'middle'),
  (330, 1, 1, NULL, 0, 'Ahmedabad', 'Gujarat', 'young'),
  (331, 1, 1, NULL, 0, 'Bangalore', 'Karnataka', 'old'),
  (332, 1, NULL, 1, 0, 'Nagpur', 'Maharashtra', 'middle'),
  (333, 3, 3, NULL, 0, 'Chandigarh', 'Punjab', 'middle'),
  (334, 1, NULL, 1, 0, 'Ranchi', 'Jharkhand', 'middle'),
  (335, 1, NULL, 1, 0, 'Hyderabad', 'Telangana', 'middle'),
  (336, 2, 1, 1, 0, 'Mumbai', 'Maharashtra', 'middle'),
  (337, 1, 1, NULL, 0, 'Pune', 'Maharashtra', 'middle'),
  (338, 1, 1, NULL, 0, 'Gurgaon', 'Haryana', 'middle'),
  (339, 2, 1, 1, 0, 'Vadodara', 'Gujarat', 'middle'),
  (340, 2, 2, NULL, 0, 'Surat', 'Gujarat', 'young'),
  (341, 2, 2, NULL, 0, 'Srinagar', 'Jammu & Kashmir', 'young'),
  (342, 2, 2, NULL, 0, 'Ahmedabad', 'Gujarat', 'middle'),
  (343, 1, NULL, 1, 0, 'Agra', 'Uttar Pradesh', 'young'),
  (344, 3, 3, NULL, 0, 'Mumbai', 'Maharashtra', 'middle'),
  (345, 2, 2, NULL, 0, 'Bangalore', 'Karnataka', 'middle'),
  (346, 2, 2, NULL, 0, 'Gohana', 'Haryana', 'middle'),
  (347, 1, 1, NULL, 0, 'Yavatmal', 'Maharashtra', 'young'),
  (348, 1, 1, NULL, 0, 'Mumbai', 'Maharashtra', 'middle'),
  (349, 2, 1, 1, 0, 'Goa', 'Goa', 'middle'),
  (350, 2, 2, NULL, 0, 'Delhi', 'Delhi', 'middle'),
  (351, 2, 1, 1, 0, 'Delhi', 'Delhi', 'young'),
  (352, 2, 2, NULL, 0, 'Bangalore', 'Karnataka', 'young'),
  (353, 1, 1, NULL, 0, 'Mumbai', 'Maharashtra', 'middle'),
  (354, 2, NULL, 2, 0, 'Gurgaon', 'Haryana', 'middle'),
  (355, 3, 3, NULL, 0, 'Delhi', 'Delhi', 'middle'),
  (356, 1, NULL, 1, 0, 'Delhi', 'Delhi', 'middle'),
  (357, 3, 3, NULL, 0, 'Indore', 'Madhya Pradesh', 'middle'),
  (358, 2, 1, 1, 0, 'Kolkata', 'West Bengal', 'middle'),
  (359, 2, NULL, 2, 0, 'Delhi', 'Delhi', 'middle'),
  (360, 2, 1, 1, 1, 'Bangalore', 'Karnataka', 'middle'),
  (361, 1, 1, NULL, 0, 'Mumbai', 'Maharashtra', 'young'),
  (362, 2, 1, 1, 1, 'Surat', 'Gujarat', 'young'),
  (363, 3, 3, NULL, 0, 'Bangalore', 'Karnataka', 'middle'),
  (364, 1, NULL, 1, 0, 'Guwahati', 'Assam', 'middle'),
  (365, 2, 2, NULL, 0, 'Gurugram', 'Haryana', 'middle'),
  (366, 3, 2, 1, 1, 'Mumbai', 'Maharashtra', 'middle'),
  (367, 2, 2, NULL, 0, 'Bangalore', 'Karnataka', 'middle'),
  (368, 1, 1, NULL, 0, 'Pune', 'Maharashtra', 'middle'),
  (369, 2, 1, 1, 1, 'Faridabad,Ahmedabad', 'Haryana,Gujarat', 'middle'),
  (370, 1, 1, NULL, 0, 'Ahmednagar', 'Maharashtra', 'young'),
  (371, 2, NULL, 2, 0, 'Agra', 'Uttar Pradesh', 'middle'),
  (372, 2, 1, 1, 1, 'Ahmedabad', 'Gujarat', 'middle'),
  (373, 3, 3, NULL, 0, 'Ahmedabad', 'Gujarat', 'young'),
  (374, 3, 2, 1, 0, 'Ahmedabad,Pune', 'Gujarat,Maharashtra', 'middle'),
  (375, 2, 2, NULL, 0, 'Nagpur', 'Maharashtra', 'middle'),
  (376, 4, 3, 1, 0, 'Delhi', 'Delhi', 'middle'),
  (377, 2, 2, NULL, 0, 'Ahmedabad,Mumbai', 'Gujarat,Maharashtra', 'middle'),
  (378, 2, 1, 1, 1, 'Bangalore', 'Karnataka', 'middle'),
  (379, 2, 2, NULL, 0, 'Delhi', 'Delhi', 'middle'),
  (380, 3, 3, NULL, 0, 'Mumbai', 'Maharashtra', 'middle'),
  (381, 3, 2, 1, 0, 'Mumbai', 'Maharashtra', 'middle'),
  (382, 1, 1, NULL, 0, 'Mumbai', 'Maharashtra', 'young'),
  (383, 1, 1, NULL, 0, NULL, NULL, 'middle'),
  (384, 2, 1, 1, 1, 'Bangalore', 'Karnataka', 'middle'),
  (385, 2, NULL, 2, 0, 'Delhi', 'Delhi', 'middle'),
  (386, 2, 2, NULL, 0, 'Delhi', 'Delhi', 'middle'),
  (387, 1, NULL, 1, 0, 'Delhi', 'Delhi', 'middle'),
  (388, 2, 1, 1, 1, 'Bangalore', 'Karnataka', 'middle'),
  (389, 1, 1, NULL, 0, 'Hyderabad', 'Telangana', 'middle'),
  (390, 2, NULL, 2, 0, 'Delhi,Mumbai', 'Delhi,Maharashtra', 'middle'),
  (391, 2, 2, NULL, 0, 'Kolkata', 'West Bengal', 'middle'),
  (392, 3, 1, 2, 1, 'Delhi', 'Delhi', 'old'),
  (393, 2, 1, 1, 1, 'Jaipur', 'Rajasthan', 'middle'),
  (394, 2, 1, 1, 0, 'Delhi', 'Delhi', 'middle'),
  (395, 3, 3, NULL, 0, 'Erode,Kanpur', 'Tamil Nadu,Uttar Pradesh', 'young'),
  (396, 2, 2, NULL, 0, 'Bangalore', 'Karnataka', 'middle'),
  (397, 3, 3, NULL, 0, 'Bangalore', 'Karnataka', 'middle'),
  (398, 2, 1, 1, 1, NULL, NULL, 'middle'),
  (399, 3, 3, NULL, 0, 'Jaipur', 'Rajasthan', 'middle'),
  (400, 1, NULL, 1, 0, 'Pune', 'Maharashtra', 'young'),
  (401, 2, 2, NULL, 0, NULL, NULL, 'middle'),
  (402, 2, 2, NULL, 0, 'Kolkata,Varanasi', 'West Bengal,Uttar Pradesh', 'middle'),
  (403, 5, 3, 2, 1, 'Panchkula', 'Haryana', 'middle'),
  (404, 2, 1, 1, 0, 'Bangalore', 'Karnataka', 'middle'),
  (405, 1, NULL, 1, 0, 'Delhi', 'Delhi', 'middle'),
  (406, 2, 1, 1, 1, 'Gurugram', 'Haryana', 'middle'),
  (407, 2, 1, 1, 1, 'Vadodara', 'Gujarat', 'middle'),
  (408, 3, 3, NULL, 0, 'Kolkata', 'West Bengal', 'middle'),
  (409, 1, NULL, 1, 0, 'Bhopal', 'Madhya Pradesh', 'middle'),
  (410, 3, 2, 1, 1, 'Latur', 'Maharashtra', 'middle'),
  (411, 2, 1, 1, 1, 'Pune', 'Maharashtra', 'middle'),
  (412, 2, 2, NULL, 0, 'Bangalore', 'Karnataka', 'young'),
  (413, 1, 1, NULL, 0, 'Kozhikode', 'Kerala', 'young'),
  (414, 1, 1, NULL, 0, 'Satara', 'Maharashtra', 'young'),
  (415, 1, NULL, 1, 0, 'Ajmer', 'Rajasthan', 'young'),
  (416, 2, 2, NULL, 0, 'Gurgaon', 'Haryana', 'young'),
  (417, 2, 2, NULL, 0, 'Delhi', 'Delhi', 'young'),
  (418, 2, 2, NULL, 0, 'Delhi', 'Delhi', 'young'),
  (419, 2, NULL, 2, 0, 'Bangalore', 'Karnataka', 'middle'),
  (420, 1, 1, NULL, 0, 'Delhi', 'Delhi', 'middle'),
  (421, 2, NULL, 2, 0, 'Agra', 'Uttar Pradesh', 'middle'),
  (422, 2, NULL, 2, 0, 'Mumbai', 'Maharashtra', 'middle'),
  (423, 2, 1, 1, 1, 'Delhi', 'Delhi', 'middle'),
  (424, 2, 1, 1, 1, 'Guwahati', 'Assam', 'middle'),
  (425, 2, 1, 1, 1, 'Noida', 'Uttar Pradesh', 'middle'),
  (426, 2, 1, 1, 0, NULL, 'Uttarakhand', 'middle'),
  (427, 2, NULL, 2, 0, 'Mumbai', 'Maharashtra', 'young'),
  (428, 1, 1, NULL, 0, 'Bangana', 'Himachal Pradesh', 'middle'),
  (429, 1, 1, NULL, 0, 'Bid', 'Maharashtra', 'middle'),
  (430, 3, 2, 1, 0, 'Delhi', 'Delhi,Bihar,Kerala', 'middle'),
  (431, 3, 2, 1, 0, 'Jaipur', 'Rajasthan', 'middle'),
  (432, 1, 1, NULL, 0, 'Mumbai', 'Maharashtra', 'middle'),
  (433, 2, 2, NULL, 0, 'Mumbai', 'Maharashtra', 'middle'),
  (434, 2, 1, 1, 0, 'Coimbatore', 'Tamil Nadu', 'middle'),
  (435, 2, 2, NULL, 0, 'Pune', 'Maharashtra', 'middle'),
  (436, 2, 2, NULL, 0, 'Faridabad', 'Haryana', 'middle'),
  (437, 2, 2, NULL, 0, 'Delhi,Bangalore', 'Delhi,Karnataka', 'middle'),
  (438, 1, 1, NULL, 0, 'Mumbai', 'Maharashtra', 'middle'),
  (439, 1, 1, NULL, 0, 'Ahmedabad', 'Gujarat', 'middle'),
  (440, 4, 3, 1, 1, 'Delhi', 'Delhi', 'middle'),
  (441, 1, 1, NULL, 0, 'Mumbai', 'Maharashtra', 'middle'),
  (442, 1, 1, NULL, 0, 'Bangalore', 'Karnataka', 'middle'),
  (443, 1, NULL, 1, 0, 'Delhi', 'Delhi', 'middle'),
  (444, 1, 1, NULL, 0, 'Delhi', 'Delhi', 'middle'),
  (445, 1, 1, NULL, 0, NULL, NULL, 'middle'),
  (446, 3, 2, 1, 0, 'Noida', 'Uttar Pradesh', 'middle'),
  (447, 2, 2, NULL, 0, 'Mumbai', 'Maharashtra', 'middle'),
  (448, 2, 1, 1, 0, 'Hyderabad,Bangalore', 'Telangana,Karnataka', 'middle'),
  (449, 2, NULL, 2, 0, 'Mumbai', 'Maharashtra', 'middle'),
  (450, 2, 2, NULL, 0, 'Rourkela', 'Odisha', 'middle'),
  (451, 1, 1, NULL, 0, 'Noida', 'Uttar Pradesh', 'middle'),
  (452, 1, 1, NULL, 0, 'Hyderabad', 'Telangana', 'middle'),
  (453, 1, 1, NULL, 0, 'Abohar', 'Punjab', 'middle'),
  (454, 3, 1, 2, 0, 'Amravati,Lucknow,Bahadurgarh', 'Maharashtra,Uttar Pradesh,Haryana', 'middle'),
  (455, 1, 1, NULL, 0, 'Delhi', 'Delhi', 'middle'),
  (456, 1, 1, NULL, 0, 'Bangalore', 'Karnataka', 'middle'),
  (457, 2, 1, 1, 1, 'Jaipur', 'Rajasthan', 'middle'),
  (458, 2, 2, NULL, 0, 'Itanagar,Dehradun', 'Arunachal Pradesh,Uttarakhand', 'young'),
  (459, 2, 1, 1, 0, 'Nagpur', 'Maharashtra', 'young'),
  (460, 3, 2, 1, 1, 'Mumbai', 'Maharashtra', 'middle'),
  (461, 3, 2, 1, 0, 'Bangalore', 'Karnataka', 'middle'),
  (462, 2, 2, NULL, 0, 'Chandigarh,Ahmedabad', 'Punjab,Gujarat', 'middle'),
  (463, 1, NULL, 1, 0, 'Delhi', 'Delhi', 'middle'),
  (464, 2, 1, 1, 0, 'Deoghar', 'Jharkhand', 'middle'),
  (465, 2, 1, 1, 1, 'Noida', 'Uttar Pradesh', 'middle'),
  (466, 3, 3, NULL, 0, 'Jaipur', 'Rajasthan', 'middle'),
  (467, 2, NULL, 2, 0, 'Mumbai', 'Maharashtra', 'young'),
  (468, 3, 3, NULL, 0, 'Pune', 'Maharashtra', 'middle'),
  (469, 2, 2, NULL, 0, 'Hyderabad', 'Telangana', 'young'),
  (470, 3, 2, 1, 0, 'Amritsar', 'Punjab', 'young'),
  (471, 2, 1, 1, 0, 'Lucknow', 'Uttar Pradesh', 'middle'),
  (472, 2, 2, NULL, 0, 'Mysuru', 'Karnataka', 'young'),
  (473, 2, NULL, 2, 0, 'Noida', 'Uttar Pradesh', 'middle'),
  (474, 2, 2, NULL, 0, 'Hyderabad', 'Telangana', 'middle'),
  (475, 3, 1, 2, 1, 'Gurugram', 'Haryana', 'middle'),
  (476, 1, NULL, 1, 0, 'Pune', 'Maharashtra', 'middle'),
  (477, 2, 1, 1, 1, 'Surat', 'Gujarat', 'middle'),
  (478, 2, 1, 1, 0, 'Jaipur', 'Rajasthan', 'middle');

-- ===== 4. DEALS =====
INSERT INTO deals
  (pitch_id, received_offer, accepted_offer, deal_amount_lakhs, deal_equity_pct,
   deal_debt_lakhs, debt_interest_pct, deal_valuation, num_sharks_in_deal,
   is_royalty_deal, royalty_percentage, deal_has_conditions, advisory_shares_pct)
VALUES
  (1, 1, 1, 75.0, 16.0, NULL, NULL, 469.0, 3, 0, NULL, NULL, NULL),
  (2, 1, 1, 40.0, 50.0, NULL, NULL, 80.0, 2, 0, NULL, NULL, NULL),
  (3, 1, 1, 25.0, 30.0, NULL, NULL, 83.0, 2, 0, NULL, NULL, NULL),
  (4, 1, 1, 70.0, 2.75, NULL, NULL, 2545.0, 1, 0, NULL, NULL, NULL),
  (5, 0, NULL, NULL, NULL, NULL, NULL, NULL, NULL, 0, NULL, NULL, NULL),
  (6, 0, NULL, NULL, NULL, NULL, NULL, NULL, NULL, 0, NULL, NULL, NULL),
  (7, 1, 0, NULL, NULL, NULL, NULL, NULL, NULL, 0, NULL, NULL, NULL),
  (8, 1, 1, 75.0, 6.0, NULL, NULL, 1250.0, 1, 0, NULL, NULL, NULL),
  (9, 1, 1, 20.0, 15.0, 30.0, NULL, 133.0, 1, 0, NULL, 'yes', NULL),
  (10, 1, 1, 50.0, 25.0, NULL, NULL, 200.0, 2, 0, NULL, NULL, NULL),
  (11, 1, 1, 56.6, 5.62, NULL, NULL, 1007.0, 2, 0, NULL, NULL, NULL),
  (12, 1, 1, 75.0, 7.5, NULL, NULL, 1000.0, 2, 0, NULL, NULL, NULL),
  (13, 1, 1, 100.0, 1.5, NULL, NULL, 6667.0, 2, 0, NULL, NULL, NULL),
  (14, 0, NULL, NULL, NULL, NULL, NULL, NULL, NULL, 0, NULL, NULL, NULL),
  (15, 0, NULL, NULL, NULL, NULL, NULL, NULL, NULL, 0, NULL, NULL, NULL),
  (16, 1, 1, 100.0, 15.0, NULL, NULL, 667.0, 5, 0, NULL, NULL, NULL),
  (17, 1, 1, 50.0, 20.0, NULL, NULL, 250.0, 1, 0, NULL, NULL, NULL),
  (18, 0, NULL, NULL, NULL, NULL, NULL, NULL, NULL, 0, NULL, NULL, NULL),
  (19, 1, 1, 100.0, 4.0, NULL, NULL, 2500.0, 2, 0, NULL, NULL, NULL),
  (20, 1, 0, NULL, NULL, NULL, NULL, NULL, NULL, 0, NULL, NULL, NULL),
  (21, 1, 1, 5.0, 10.0, NULL, NULL, 50.0, 2, 0, NULL, NULL, NULL),
  (22, 1, 0, NULL, NULL, NULL, NULL, NULL, NULL, 0, NULL, NULL, NULL),
  (23, 1, 1, 50.0, 2.5, NULL, NULL, 2000.0, 2, 0, NULL, NULL, NULL),
  (24, 1, 1, 56.0, 33.33, NULL, NULL, 168.0, 2, 0, NULL, NULL, NULL),
  (25, 1, 1, 30.0, 6.0, NULL, NULL, 500.0, 1, 0, NULL, NULL, NULL),
  (26, 1, 1, 50.0, 7.0, NULL, NULL, 714.0, 2, 0, NULL, NULL, NULL),
  (27, 1, 1, 50.0, 10.0, NULL, NULL, 500.0, 2, 0, NULL, NULL, NULL),
  (28, 1, 0, NULL, NULL, NULL, NULL, NULL, NULL, 0, NULL, NULL, NULL),
  (29, 1, 1, 25.0, 20.0, NULL, NULL, 125.0, 3, 0, NULL, NULL, NULL),
  (30, 1, 1, 30.0, 20.0, NULL, NULL, 150.0, 3, 0, NULL, 'yes', NULL),
  (31, 1, 1, 30.0, 3.0, NULL, NULL, 1000.0, 3, 0, NULL, NULL, NULL),
  (32, 0, NULL, NULL, NULL, NULL, NULL, NULL, NULL, 0, NULL, NULL, NULL),
  (33, 1, 1, 50.0, 15.0, NULL, NULL, 333.0, 1, 0, NULL, 'yes', NULL),
  (34, 1, 1, 30.0, 20.0, NULL, NULL, 150.0, 2, 0, NULL, NULL, NULL),
  (35, 1, 1, 75.0, 15.0, NULL, NULL, 500.0, 1, 0, NULL, NULL, NULL),
  (36, 0, NULL, NULL, NULL, NULL, NULL, NULL, NULL, 0, NULL, NULL, NULL),
  (37, 1, 1, 40.0, 24.0, NULL, NULL, 167.0, 3, 0, NULL, NULL, NULL),
  (38, 1, 1, 105.0, 3.0, NULL, NULL, 3500.0, 3, 0, NULL, NULL, NULL),
  (39, 1, 1, 50.0, 20.0, NULL, NULL, 250.0, 2, 0, NULL, NULL, NULL),
  (40, 1, 1, 100.0, 10.0, NULL, NULL, 1000.0, 4, 0, NULL, NULL, NULL),
  (41, 1, 1, 100.0, 6.0, NULL, NULL, 1667.0, 2, 0, NULL, NULL, NULL),
  (42, 1, 0, NULL, NULL, NULL, NULL, NULL, NULL, 0, NULL, NULL, NULL),
  (43, 0, NULL, NULL, NULL, NULL, NULL, NULL, NULL, 0, NULL, NULL, NULL),
  (44, 1, 1, 100.0, 40.0, NULL, NULL, 250.0, 1, 0, NULL, NULL, NULL),
  (45, 1, 1, 25.0, 25.0, 25.0, NULL, 100.0, 1, 0, NULL, 'yes', NULL),
  (46, 1, 1, 5e-05, 5.0, NULL, NULL, 0.0, 3, 0, NULL, NULL, NULL),
  (47, 1, 1, 50.0, 3.5, 30.0, NULL, 1429.0, 2, 0, NULL, NULL, NULL),
  (48, 0, NULL, NULL, NULL, NULL, NULL, NULL, NULL, 0, NULL, NULL, NULL),
  (49, 1, 1, 75.0, 15.0, NULL, NULL, 500.0, 2, 0, NULL, NULL, NULL),
  (50, 1, 1, 45.0, 12.0, NULL, NULL, 375.0, 2, 0, NULL, NULL, NULL),
  (51, 1, 1, 50.0, 25.0, NULL, NULL, 200.0, 5, 0, NULL, NULL, NULL),
  (52, 1, 1, 150.0, 15.0, NULL, NULL, 1000.0, 3, 0, NULL, NULL, NULL),
  (53, 0, NULL, NULL, NULL, NULL, NULL, NULL, NULL, 0, NULL, NULL, NULL),
  (54, 1, 1, 80.0, 20.0, NULL, NULL, 400.0, 1, 0, NULL, NULL, NULL),
  (55, 0, NULL, NULL, NULL, NULL, NULL, NULL, NULL, 0, NULL, NULL, NULL),
  (56, 1, 0, NULL, NULL, NULL, NULL, NULL, NULL, 0, NULL, NULL, NULL),
  (57, 1, 1, 1.0, 1.0, 99.0, 12.0, 100.0, 1, 0, NULL, NULL, NULL),
  (58, 0, NULL, NULL, NULL, NULL, NULL, NULL, NULL, 0, NULL, NULL, NULL),
  (59, 0, NULL, NULL, NULL, NULL, NULL, NULL, NULL, 0, NULL, NULL, NULL),
  (60, 1, 1, 60.0, 10.0, NULL, NULL, 600.0, 4, 0, NULL, NULL, NULL),
  (61, 1, 0, NULL, NULL, NULL, NULL, NULL, NULL, 0, NULL, NULL, NULL),
  (62, 0, NULL, NULL, NULL, NULL, NULL, NULL, NULL, 0, NULL, NULL, NULL),
  (63, 1, 1, 40.0, 3.0, 25.0, NULL, 1333.0, 1, 0, NULL, NULL, NULL),
  (64, 0, NULL, NULL, NULL, NULL, NULL, NULL, NULL, 0, NULL, NULL, NULL),
  (65, 1, 1, 100.0, 10.0, NULL, NULL, 1000.0, 5, 0, NULL, NULL, NULL),
  (66, 1, 1, 100.0, 15.0, NULL, NULL, 667.0, 3, 0, NULL, NULL, NULL),
  (67, 1, 1, 25.0, 75.0, 22.0, NULL, 33.0, 1, 0, NULL, NULL, NULL),
  (68, 1, 1, 35.0, 24.0, NULL, NULL, 146.0, 2, 0, NULL, NULL, NULL),
  (69, 1, 1, 60.0, 4.0, NULL, NULL, 1500.0, 3, 0, NULL, NULL, NULL),
  (70, 0, NULL, NULL, NULL, NULL, NULL, NULL, NULL, 0, NULL, NULL, NULL),
  (71, 1, 0, NULL, NULL, NULL, NULL, NULL, NULL, 0, NULL, NULL, NULL),
  (72, 1, 0, NULL, NULL, NULL, NULL, NULL, NULL, 0, NULL, NULL, NULL),
  (73, 1, 1, 50.0, 10.0, 50.0, NULL, 500.0, 1, 0, NULL, NULL, NULL),
  (74, 1, 0, NULL, NULL, NULL, NULL, NULL, NULL, 0, NULL, NULL, NULL),
  (75, 1, 0, NULL, NULL, NULL, NULL, NULL, NULL, 0, NULL, NULL, NULL),
  (76, 0, NULL, NULL, NULL, NULL, NULL, NULL, NULL, 0, NULL, NULL, NULL),
  (77, 1, 1, 50.0, 35.0, NULL, NULL, 143.0, 2, 0, NULL, NULL, NULL),
  (78, 1, 1, 10.0, 40.0, 20.0, NULL, 25.0, 1, 0, NULL, NULL, NULL),
  (79, 0, NULL, NULL, NULL, NULL, NULL, NULL, NULL, 0, NULL, NULL, NULL),
  (80, 1, 1, 50.0, 15.0, NULL, NULL, 333.0, 1, 0, NULL, 'yes', NULL),
  (81, 1, 1, 100.0, 6.0, NULL, NULL, 1667.0, 5, 0, NULL, NULL, NULL),
  (82, 1, 0, NULL, NULL, NULL, NULL, NULL, NULL, 0, NULL, NULL, NULL),
  (83, 1, 1, 50.0, 50.0, NULL, NULL, 100.0, 1, 0, NULL, 'yes', NULL),
  (84, 0, NULL, NULL, NULL, NULL, NULL, NULL, NULL, 0, NULL, NULL, NULL),
  (85, 1, 1, 65.0, 3.0, NULL, NULL, 2167.0, 1, 0, NULL, NULL, NULL),
  (86, 0, NULL, NULL, NULL, NULL, NULL, NULL, NULL, 0, NULL, NULL, NULL),
  (87, 1, 1, 0.00101, 4.0, NULL, NULL, 0.0, 4, 0, NULL, NULL, NULL),
  (88, 1, 0, NULL, NULL, NULL, NULL, NULL, NULL, 0, NULL, NULL, NULL),
  (89, 1, 1, 100.0, 4.0, NULL, NULL, 2500.0, 1, 0, NULL, NULL, NULL),
  (90, 1, 1, 100.0, 15.0, NULL, NULL, 667.0, 3, 0, NULL, NULL, NULL),
  (91, 0, NULL, NULL, NULL, NULL, NULL, NULL, NULL, 0, NULL, NULL, NULL),
  (92, 1, 1, 50.0, 30.0, NULL, NULL, 167.0, 3, 0, NULL, NULL, NULL),
  (93, 1, 1, 75.0, 21.0, NULL, NULL, 357.0, 3, 0, NULL, NULL, NULL),
  (94, 1, 0, NULL, NULL, NULL, NULL, NULL, NULL, 0, NULL, NULL, NULL),
  (95, 1, 0, NULL, NULL, NULL, NULL, NULL, NULL, 0, NULL, NULL, NULL),
  (96, 0, NULL, NULL, NULL, NULL, NULL, NULL, NULL, 0, NULL, NULL, NULL),
  (97, 1, 1, 80.0, 6.0, NULL, NULL, 1333.0, 2, 0, NULL, NULL, NULL),
  (98, 0, NULL, NULL, NULL, NULL, NULL, NULL, NULL, 0, NULL, NULL, NULL),
  (99, 0, NULL, NULL, NULL, NULL, NULL, NULL, NULL, 0, NULL, NULL, NULL),
  (100, 0, NULL, NULL, NULL, NULL, NULL, NULL, NULL, 0, NULL, NULL, NULL),
  (101, 0, NULL, NULL, NULL, NULL, NULL, NULL, NULL, 0, NULL, NULL, NULL),
  (102, 1, 1, 75.0, 2.68, NULL, NULL, 2799.0, 1, 0, NULL, NULL, NULL),
  (103, 0, NULL, NULL, NULL, NULL, NULL, NULL, NULL, 0, NULL, NULL, NULL),
  (104, 0, NULL, NULL, NULL, NULL, NULL, NULL, NULL, 0, NULL, NULL, NULL),
  (105, 1, 0, NULL, NULL, NULL, NULL, NULL, NULL, 0, NULL, NULL, NULL),
  (106, 1, 1, 50.0, 2.0, NULL, NULL, 2500.0, 1, 0, NULL, 'yes', NULL),
  (107, 1, 0, NULL, NULL, NULL, NULL, NULL, NULL, 0, NULL, NULL, NULL),
  (108, 1, 1, 40.0, 25.0, NULL, NULL, 160.0, 1, 0, NULL, NULL, NULL),
  (109, 0, NULL, NULL, NULL, NULL, NULL, NULL, NULL, 0, NULL, NULL, NULL),
  (110, 1, 1, 60.0, 10.0, NULL, NULL, 600.0, 3, 0, NULL, NULL, NULL),
  (111, 1, 1, 100.0, 10.0, NULL, NULL, 1000.0, 2, 0, NULL, NULL, NULL),
  (112, 1, 1, 40.0, 20.0, NULL, NULL, 200.0, 4, 0, NULL, NULL, NULL),
  (113, 0, NULL, NULL, NULL, NULL, NULL, NULL, NULL, 0, NULL, NULL, NULL),
  (114, 1, 0, NULL, NULL, NULL, NULL, NULL, NULL, 0, NULL, NULL, NULL),
  (115, 0, NULL, NULL, NULL, NULL, NULL, NULL, NULL, 0, NULL, NULL, NULL),
  (116, 1, 1, 40.0, 30.0, NULL, NULL, 133.0, 4, 0, NULL, NULL, NULL),
  (117, 1, 0, NULL, NULL, NULL, NULL, NULL, NULL, 0, NULL, NULL, NULL),
  (118, 0, NULL, NULL, NULL, NULL, NULL, NULL, NULL, 0, NULL, NULL, NULL),
  (119, 1, 1, 21.0, 12.0, NULL, NULL, 175.0, 3, 0, NULL, NULL, NULL),
  (120, 1, 0, NULL, NULL, NULL, NULL, NULL, NULL, 0, NULL, NULL, NULL),
  (121, 1, 1, 50.0, 4.0, 50.0, NULL, 1250.0, 2, 0, NULL, NULL, NULL),
  (122, 1, 0, NULL, NULL, NULL, NULL, NULL, NULL, 0, NULL, NULL, NULL),
  (123, 1, 1, 60.0, 10.0, NULL, NULL, 600.0, 2, 0, NULL, NULL, NULL),
  (124, 0, NULL, NULL, NULL, NULL, NULL, NULL, NULL, 0, NULL, NULL, NULL),
  (125, 0, NULL, NULL, NULL, NULL, NULL, NULL, NULL, 0, NULL, NULL, NULL),
  (126, 0, NULL, NULL, NULL, NULL, NULL, NULL, NULL, 0, NULL, NULL, NULL),
  (127, 0, NULL, NULL, NULL, NULL, NULL, NULL, NULL, 0, NULL, NULL, NULL),
  (128, 0, NULL, NULL, NULL, NULL, NULL, NULL, NULL, 0, NULL, NULL, NULL),
  (129, 0, NULL, NULL, NULL, NULL, NULL, NULL, NULL, 0, NULL, NULL, NULL),
  (130, 0, NULL, NULL, NULL, NULL, NULL, NULL, NULL, 0, NULL, NULL, NULL),
  (131, 0, NULL, NULL, NULL, NULL, NULL, NULL, NULL, 0, NULL, NULL, NULL),
  (132, 1, 0, NULL, NULL, NULL, NULL, NULL, NULL, 0, NULL, NULL, NULL),
  (133, 0, NULL, NULL, NULL, NULL, NULL, NULL, NULL, 0, NULL, NULL, NULL),
  (134, 0, NULL, NULL, NULL, NULL, NULL, NULL, NULL, 0, NULL, NULL, NULL),
  (135, 0, NULL, NULL, NULL, NULL, NULL, NULL, NULL, 0, NULL, NULL, NULL),
  (136, 1, 0, NULL, NULL, NULL, NULL, NULL, NULL, 0, NULL, NULL, NULL),
  (137, 0, NULL, NULL, NULL, NULL, NULL, NULL, NULL, 0, NULL, NULL, NULL),
  (138, 0, NULL, NULL, NULL, NULL, NULL, NULL, NULL, 0, NULL, NULL, NULL),
  (139, 1, 0, NULL, NULL, NULL, NULL, NULL, NULL, 0, NULL, NULL, NULL),
  (140, 0, NULL, NULL, NULL, NULL, NULL, NULL, NULL, 0, NULL, NULL, NULL),
  (141, 0, NULL, NULL, NULL, NULL, NULL, NULL, NULL, 0, NULL, NULL, NULL),
  (142, 0, NULL, NULL, NULL, NULL, NULL, NULL, NULL, 0, NULL, NULL, NULL),
  (143, 0, NULL, NULL, NULL, NULL, NULL, NULL, NULL, 0, NULL, NULL, NULL),
  (144, 0, NULL, NULL, NULL, NULL, NULL, NULL, NULL, 0, NULL, NULL, NULL),
  (145, 0, NULL, NULL, NULL, NULL, NULL, NULL, NULL, 0, NULL, NULL, NULL),
  (146, 0, NULL, NULL, NULL, NULL, NULL, NULL, NULL, 0, NULL, NULL, NULL),
  (147, 0, NULL, NULL, NULL, NULL, NULL, NULL, NULL, 0, NULL, NULL, NULL),
  (148, 0, NULL, NULL, NULL, NULL, NULL, NULL, NULL, 0, NULL, NULL, NULL),
  (149, 0, NULL, NULL, NULL, NULL, NULL, NULL, NULL, 0, NULL, NULL, NULL),
  (150, 1, 0, NULL, NULL, NULL, NULL, NULL, NULL, 0, NULL, NULL, NULL),
  (151, 0, NULL, NULL, NULL, NULL, NULL, NULL, NULL, 0, NULL, NULL, NULL),
  (152, 1, 0, NULL, NULL, NULL, NULL, NULL, NULL, 0, NULL, NULL, NULL),
  (153, 1, 1, 100.0, 2.0, NULL, NULL, 5000.0, 2, 0, NULL, NULL, NULL),
  (154, 1, 1, 30.0, 15.0, NULL, NULL, 200.0, 3, 0, NULL, NULL, NULL),
  (155, 0, NULL, NULL, NULL, NULL, NULL, NULL, NULL, 0, NULL, NULL, NULL),
  (156, 1, 1, 50.0, 10.0, NULL, NULL, 500.0, 2, 0, NULL, NULL, NULL),
  (157, 1, 1, 100.0, 10.0, 100.0, NULL, 1000.0, 2, 0, NULL, NULL, NULL),
  (158, 1, 1, 50.0, 18.0, 25.0, NULL, 277.7777778, 1, 0, NULL, NULL, NULL),
  (159, 1, 0, NULL, NULL, NULL, NULL, NULL, NULL, 0, NULL, NULL, NULL),
  (160, 1, 1, 150.0, 0.6, 150.0, NULL, 25000.0, 3, 0, NULL, NULL, NULL),
  (161, 1, 1, 20.0, 20.0, NULL, NULL, 100.0, 1, 0, NULL, NULL, NULL),
  (162, 1, 1, 100.0, 6.67, NULL, NULL, 1499.250375, 2, 0, NULL, NULL, NULL),
  (163, 1, 1, 40.0, 4.0, NULL, NULL, 1000.0, 2, 0, NULL, NULL, NULL),
  (164, 1, 1, 35.0, 5.0, 35.0, NULL, 700.0, 1, 0, NULL, NULL, NULL),
  (165, 1, 1, 100.0, 10.0, NULL, NULL, 1000.0, 2, 0, NULL, NULL, NULL),
  (166, 1, 0, NULL, NULL, NULL, NULL, NULL, NULL, 0, NULL, NULL, NULL),
  (167, 0, NULL, NULL, NULL, NULL, NULL, NULL, NULL, 0, NULL, NULL, NULL),
  (168, 1, 1, 50.0, 8.0, NULL, NULL, 625.0, 4, 0, NULL, NULL, NULL),
  (169, 1, 1, 100.0, 2.0, NULL, NULL, 5000.0, 3, 0, NULL, NULL, NULL),
  (170, 0, NULL, NULL, NULL, NULL, NULL, NULL, NULL, 0, NULL, NULL, NULL),
  (171, 0, NULL, NULL, NULL, NULL, NULL, NULL, NULL, 0, NULL, NULL, NULL),
  (172, 1, 1, 30.0, 10.0, NULL, NULL, 300.0, 2, 0, NULL, NULL, NULL),
  (173, 1, 1, 50.0, 3.5, 50.0, 10.0, 1428.571429, 1, 0, NULL, NULL, NULL),
  (174, 1, 1, 30.0, 3.0, NULL, NULL, 1000.0, 2, 0, NULL, NULL, NULL),
  (175, 1, 1, 75.0, 3.75, NULL, NULL, 2000.0, 2, 0, NULL, NULL, NULL),
  (176, 0, NULL, NULL, NULL, NULL, NULL, NULL, NULL, 0, NULL, NULL, NULL),
  (177, 1, 1, 65.0, 2.0, NULL, NULL, 3250.0, 2, 0, NULL, NULL, NULL),
  (178, 1, 1, 50.0, 2.0, NULL, NULL, 2500.0, 1, 0, NULL, NULL, NULL),
  (179, 1, 1, 100.0, 10.0, NULL, NULL, 1000.0, 1, 0, NULL, NULL, NULL),
  (180, 0, NULL, NULL, NULL, NULL, NULL, NULL, NULL, 0, NULL, NULL, NULL),
  (181, 1, 1, 25.0, 7.5, 50.0, 10.0, 333.3333333, 1, 0, NULL, NULL, NULL),
  (182, 1, 1, 40.0, 10.0, NULL, NULL, 400.0, 1, 0, NULL, NULL, NULL),
  (183, 1, 1, 75.0, 3.0, NULL, NULL, 2500.0, 2, 0, NULL, NULL, NULL),
  (184, 1, 1, 30.0, 4.0, 50.0, 10.0, 750.0, 1, 0, NULL, NULL, NULL),
  (185, 1, 1, 60.0, 4.0, NULL, NULL, 1500.0, 1, 0, NULL, NULL, NULL),
  (186, 1, 1, 100.0, 2.5, NULL, NULL, 4000.0, 1, 0, NULL, NULL, NULL),
  (187, 0, NULL, NULL, NULL, NULL, NULL, NULL, NULL, 0, NULL, NULL, NULL),
  (188, 1, 1, 75.0, 15.0, NULL, NULL, 500.0, 4, 0, NULL, NULL, NULL),
  (189, 1, 1, 40.0, 20.0, NULL, NULL, 200.0, 1, 0, NULL, NULL, NULL),
  (190, 1, 0, NULL, NULL, NULL, NULL, NULL, NULL, 0, NULL, NULL, NULL),
  (191, 1, 1, 51.0, 6.0, NULL, NULL, 850.0, 2, 0, NULL, NULL, NULL),
  (192, 1, 1, 75.0, 5.0, NULL, NULL, 1500.0, 1, 0, NULL, NULL, NULL),
  (193, 0, NULL, NULL, NULL, NULL, NULL, NULL, NULL, 0, NULL, NULL, NULL),
  (194, 1, 1, 72.0, 6.5, NULL, NULL, 1107.692308, 1, 0, NULL, NULL, NULL),
  (195, 1, 1, 90.0, 7.5, NULL, NULL, 1200.0, 2, 0, NULL, NULL, NULL),
  (196, 1, 1, 60.0, 6.0, NULL, NULL, 1000.0, 2, 0, NULL, NULL, NULL),
  (197, 1, 1, 19.0, 1.0, 41.0, 10.0, 1900.0, 1, 0, NULL, NULL, NULL),
  (198, 1, 1, 50.0, 2.0, NULL, NULL, 2500.0, 1, 0, NULL, NULL, NULL),
  (199, 1, 1, 90.0, 3.0, NULL, NULL, 3000.0, 2, 0, NULL, NULL, NULL),
  (200, 1, 0, NULL, NULL, NULL, NULL, NULL, NULL, 0, NULL, NULL, NULL),
  (201, 0, NULL, NULL, NULL, NULL, NULL, NULL, NULL, 0, NULL, NULL, NULL),
  (202, 1, 1, 20.0, 20.0, 20.0, NULL, 100.0, 2, 0, NULL, NULL, NULL),
  (203, 1, 1, 50.0, 25.0, NULL, NULL, 200.0, 1, 0, NULL, NULL, NULL),
  (204, 1, 1, 100.0, 1.0, NULL, NULL, 10000.0, 1, 0, NULL, NULL, NULL),
  (205, 1, 1, 25.0, 5.0, 25.0, NULL, 500.0, 1, 0, NULL, NULL, NULL),
  (206, 0, NULL, NULL, NULL, NULL, NULL, NULL, NULL, 0, NULL, NULL, NULL),
  (207, 1, 0, NULL, NULL, NULL, NULL, NULL, NULL, 0, NULL, NULL, NULL),
  (208, 1, 1, 70.0, 5.0, NULL, NULL, 1400.0, 1, 0, NULL, NULL, NULL),
  (209, 1, 1, 75.0, 2.86, NULL, NULL, 2622.377622, 2, 0, NULL, NULL, NULL),
  (210, 1, 1, 150.0, 1.5, NULL, NULL, 10000.0, 5, 0, NULL, NULL, NULL),
  (211, 1, 1, 150.0, 2.5, NULL, NULL, 6000.0, 3, 0, NULL, NULL, NULL),
  (212, 0, NULL, NULL, NULL, NULL, NULL, NULL, NULL, 0, NULL, NULL, NULL),
  (213, 1, 0, NULL, NULL, NULL, NULL, NULL, NULL, 0, NULL, NULL, NULL),
  (214, 1, 1, 15.0, 10.0, 35.0, 0.0, 150.0, 1, 0, NULL, NULL, NULL),
  (215, 0, NULL, NULL, NULL, NULL, NULL, NULL, NULL, 0, NULL, NULL, NULL),
  (216, 1, 0, NULL, NULL, NULL, NULL, NULL, NULL, 0, NULL, NULL, NULL),
  (217, 1, 1, 100.0, 3.0, NULL, NULL, 3333.333333, 3, 0, NULL, NULL, NULL),
  (218, 1, 1, 75.0, 10.0, NULL, NULL, 750.0, 1, 0, NULL, NULL, NULL),
  (219, 1, 1, 50.0, 20.0, 25.0, 12.0, 250.0, 2, 0, NULL, NULL, NULL),
  (220, 1, 1, 100.0, 4.0, NULL, NULL, 2500.0, 4, 0, NULL, NULL, NULL),
  (221, 1, 1, 25.0, 5.0, 25.0, 12.0, 500.0, 2, 0, NULL, NULL, NULL),
  (222, 1, 1, 30.0, 5.0, NULL, NULL, 600.0, 2, 0, NULL, NULL, NULL),
  (223, 0, NULL, NULL, NULL, NULL, NULL, NULL, NULL, 0, NULL, NULL, NULL),
  (224, 1, 1, 100.0, 10.0, NULL, NULL, 1000.0, 3, 0, NULL, NULL, NULL),
  (225, 1, 1, 75.0, 7.5, NULL, NULL, 1000.0, 1, 0, NULL, 'yes', NULL),
  (226, 0, NULL, NULL, NULL, NULL, NULL, NULL, NULL, 0, NULL, NULL, NULL),
  (227, 1, 1, 60.0, 5.0, NULL, NULL, 1200.0, 1, 0, NULL, NULL, NULL),
  (228, 1, 1, 40.0, 20.0, NULL, NULL, 200.0, 1, 0, NULL, NULL, NULL),
  (229, 1, 1, 75.0, 10.0, NULL, NULL, 750.0, 1, 0, NULL, NULL, NULL),
  (230, 1, 0, NULL, NULL, NULL, NULL, NULL, NULL, 0, NULL, NULL, NULL),
  (231, 1, 1, 200.0, 4.0, NULL, NULL, 5000.0, 4, 0, NULL, NULL, NULL),
  (232, 1, 1, 50.0, 3.0, 25.0, 12.0, 1666.666667, 1, 0, NULL, NULL, NULL),
  (233, 1, 1, 100.0, 8.0, NULL, NULL, 1250.0, 1, 0, NULL, NULL, NULL),
  (234, 1, 0, NULL, NULL, NULL, NULL, NULL, NULL, 0, NULL, NULL, NULL),
  (235, 0, NULL, NULL, NULL, NULL, NULL, NULL, NULL, 0, NULL, NULL, NULL),
  (236, 0, NULL, NULL, NULL, NULL, NULL, NULL, NULL, 0, NULL, NULL, NULL),
  (237, 1, 1, 100.0, 1.25, NULL, NULL, 8000.0, 1, 0, NULL, NULL, NULL),
  (238, 1, 0, NULL, NULL, NULL, NULL, NULL, NULL, 0, NULL, NULL, NULL),
  (239, 1, 1, 40.0, 3.2, NULL, NULL, 1250.0, 2, 0, NULL, 'yes', NULL),
  (240, 1, 1, 30.0, 20.0, NULL, NULL, 150.0, 5, 0, NULL, NULL, NULL),
  (241, 1, 1, 106.0, 2.0, NULL, NULL, 5300.0, 4, 0, NULL, NULL, NULL),
  (242, 0, NULL, NULL, NULL, NULL, NULL, NULL, NULL, 0, NULL, NULL, NULL),
  (243, 1, 1, 90.0, 1.0, NULL, NULL, 9000.0, 1, 0, NULL, 'yes', NULL),
  (244, 1, 1, 0.0, 0.5, NULL, NULL, 0.0, 3, 0, NULL, 'yes', NULL),
  (245, 0, NULL, NULL, NULL, NULL, NULL, NULL, NULL, 0, NULL, NULL, NULL),
  (246, 1, 0, NULL, NULL, NULL, NULL, NULL, NULL, 0, NULL, NULL, NULL),
  (247, 1, 1, 40.0, 10.0, NULL, NULL, 400.0, 1, 0, NULL, NULL, NULL),
  (248, 0, NULL, NULL, NULL, NULL, NULL, NULL, NULL, 0, NULL, NULL, NULL),
  (249, 1, 1, 10.0, 5.0, 40.0, 0.0, 200.0, 1, 0, NULL, NULL, NULL),
  (250, 1, 1, 50.0, 7.0, 20.0, 10.0, 714.2857143, 1, 0, NULL, NULL, NULL),
  (251, 1, 1, 50.0, 5.0, 100.0, 10.0, 1000.0, 1, 0, NULL, NULL, NULL),
  (252, 0, NULL, NULL, NULL, NULL, NULL, NULL, NULL, 0, NULL, NULL, NULL),
  (253, 1, 1, 10.0, 1.0, 60.0, 10.0, 1000.0, 1, 0, NULL, NULL, NULL),
  (254, 1, 1, 50.0, 5.0, NULL, NULL, 1000.0, 2, 0, NULL, NULL, NULL),
  (255, 1, 1, 50.0, 2.5, 20.0, 12.0, 2000.0, 1, 0, NULL, 'yes', NULL),
  (256, 1, 1, 80.0, 2.5, NULL, NULL, 3200.0, 3, 0, NULL, NULL, NULL),
  (257, 1, 0, NULL, NULL, NULL, NULL, NULL, NULL, 0, NULL, NULL, NULL),
  (258, 1, 1, 50.0, 10.0, NULL, NULL, 500.0, 1, 0, NULL, NULL, NULL),
  (259, 1, 1, 200.0, 2.0, NULL, NULL, 10000.0, 3, 0, NULL, NULL, NULL),
  (260, 1, 1, 25.0, 20.0, NULL, NULL, 125.0, 1, 0, NULL, NULL, NULL),
  (261, 0, NULL, NULL, NULL, NULL, NULL, NULL, NULL, 0, NULL, NULL, NULL),
  (262, 0, NULL, NULL, NULL, NULL, NULL, NULL, NULL, 0, NULL, NULL, NULL),
  (263, 1, 1, 100.0, 5.4, NULL, NULL, 1851.851852, 2, 0, NULL, NULL, NULL),
  (264, 0, NULL, NULL, NULL, NULL, NULL, NULL, NULL, 0, NULL, NULL, NULL),
  (265, 1, 1, 45.0, 25.0, NULL, NULL, 180.0, 1, 0, NULL, 'yes', NULL),
  (266, 0, NULL, NULL, NULL, NULL, NULL, NULL, NULL, 0, NULL, NULL, NULL),
  (267, 1, 1, 50.0, 2.5, NULL, NULL, 2000.0, 1, 0, NULL, 'yes', NULL),
  (268, 1, 1, 50.0, 3.0, NULL, NULL, 1666.666667, 2, 0, NULL, NULL, NULL),
  (269, 0, NULL, NULL, NULL, NULL, NULL, NULL, NULL, 0, NULL, NULL, NULL),
  (270, 0, NULL, NULL, NULL, NULL, NULL, NULL, NULL, 0, NULL, NULL, NULL),
  (271, 0, NULL, NULL, NULL, NULL, NULL, NULL, NULL, 0, NULL, NULL, NULL),
  (272, 1, 1, 67.0, 3.0, NULL, NULL, 2233.333333, 2, 0, NULL, NULL, NULL),
  (273, 0, NULL, NULL, NULL, NULL, NULL, NULL, NULL, 0, NULL, NULL, NULL),
  (274, 1, 1, 50.0, 3.5, NULL, NULL, 1428.571429, 3, 0, NULL, NULL, NULL),
  (275, 1, 1, 200.0, 5.0, NULL, NULL, 4000.0, 5, 0, NULL, NULL, NULL),
  (276, 0, NULL, NULL, NULL, NULL, NULL, NULL, NULL, 0, NULL, NULL, NULL),
  (277, 0, NULL, NULL, NULL, NULL, NULL, NULL, NULL, 0, NULL, NULL, NULL),
  (278, 1, 1, 60.0, 0.54, 60.0, 12.0, 11111.11111, 2, 0, NULL, NULL, NULL),
  (279, 1, 0, NULL, NULL, NULL, NULL, NULL, NULL, 0, NULL, NULL, NULL),
  (280, 1, 1, 50.0, 1.0, 50.0, 10.0, 5000.0, 2, 0, NULL, NULL, NULL),
  (281, 0, NULL, NULL, NULL, NULL, NULL, NULL, NULL, 0, NULL, NULL, NULL),
  (282, 1, 1, 150.0, 2.0, NULL, NULL, 7500.0, 4, 0, NULL, NULL, NULL),
  (283, 1, 1, 80.0, 2.0, 70.0, NULL, 4000.0, 1, 0, NULL, NULL, NULL),
  (284, 1, 1, 60.0, 4.76, NULL, NULL, 1260.504202, 3, 0, NULL, NULL, NULL),
  (285, 0, NULL, NULL, NULL, NULL, NULL, NULL, NULL, 0, NULL, NULL, NULL),
  (286, 0, NULL, NULL, NULL, NULL, NULL, NULL, NULL, 0, NULL, NULL, NULL),
  (287, 0, NULL, NULL, NULL, NULL, NULL, NULL, NULL, 0, NULL, NULL, NULL),
  (288, 0, NULL, NULL, NULL, NULL, NULL, NULL, NULL, 0, NULL, NULL, NULL),
  (289, 0, NULL, NULL, NULL, NULL, NULL, NULL, NULL, 0, NULL, NULL, NULL),
  (290, 1, 1, 50.0, 4.16, NULL, NULL, 1201.923077, 2, 0, NULL, NULL, NULL),
  (291, 1, 1, 15.0, 1.5, 45.0, 12.0, 1000.0, 1, 0, NULL, NULL, NULL),
  (292, 0, NULL, NULL, NULL, NULL, NULL, NULL, NULL, 0, NULL, NULL, NULL),
  (293, 1, 1, 50.0, 6.5, NULL, NULL, 769.2307692, 1, 0, NULL, NULL, NULL),
  (294, 0, NULL, NULL, NULL, NULL, NULL, NULL, NULL, 0, NULL, NULL, NULL),
  (295, 1, 1, 75.0, 15.0, NULL, NULL, 500.0, 1, 0, NULL, NULL, NULL),
  (296, 0, NULL, NULL, NULL, NULL, NULL, NULL, NULL, 0, NULL, NULL, NULL),
  (297, 1, 1, 50.0, 10.0, 50.0, 12.0, 500.0, 1, 0, NULL, NULL, NULL),
  (298, 1, 1, 20.0, 1.0, 30.0, 10.0, 2000.0, 1, 0, NULL, NULL, NULL),
  (299, 1, 1, 50.0, 10.0, NULL, NULL, 500.0, 1, 0, NULL, 'yes', NULL),
  (300, 0, NULL, NULL, NULL, NULL, NULL, NULL, NULL, 0, NULL, NULL, NULL),
  (301, 1, 1, 75.0, 3.75, NULL, NULL, 2000.0, 3, 0, NULL, NULL, NULL),
  (302, 0, NULL, NULL, NULL, NULL, NULL, NULL, NULL, 0, NULL, NULL, NULL),
  (303, 0, NULL, NULL, NULL, NULL, NULL, NULL, NULL, 0, NULL, NULL, NULL),
  (304, 0, NULL, NULL, NULL, NULL, NULL, NULL, NULL, 0, NULL, NULL, NULL),
  (305, 1, 1, 50.0, 5.0, NULL, NULL, 1000.0, 1, 0, NULL, NULL, NULL),
  (306, 0, NULL, NULL, NULL, NULL, NULL, NULL, NULL, 0, NULL, NULL, NULL),
  (307, 1, 1, 100.0, 1.0, 50.0, 12.0, 10000.0, 3, 0, NULL, NULL, NULL),
  (308, 0, NULL, NULL, NULL, NULL, NULL, NULL, NULL, 0, NULL, NULL, NULL),
  (309, 0, NULL, NULL, NULL, NULL, NULL, NULL, NULL, 0, NULL, NULL, NULL),
  (310, 1, 1, 50.0, 1.0, 50.0, 10.0, 5000.0, 1, 0, NULL, NULL, NULL),
  (311, 1, 1, 20.0, 20.0, NULL, NULL, 100.0, 4, 0, NULL, NULL, NULL),
  (312, 1, 1, 100.0, 10.0, NULL, NULL, 1000.0, 5, 0, NULL, NULL, NULL),
  (313, 0, NULL, NULL, NULL, NULL, NULL, NULL, NULL, 0, NULL, NULL, NULL),
  (314, 1, 1, 10.0, 1.0, 65.0, 18.0, 1000.0, 1, 0, NULL, NULL, NULL),
  (315, 1, 1, 100.0, 2.0, NULL, NULL, 5000.0, 1, 0, NULL, NULL, NULL),
  (316, 0, NULL, NULL, NULL, NULL, NULL, NULL, NULL, 0, NULL, NULL, NULL),
  (317, 1, 0, NULL, NULL, NULL, NULL, NULL, NULL, 0, NULL, NULL, NULL),
  (318, 1, 1, 81.0, 1.0, 69.0, 12.0, 8100.0, 2, 0, NULL, NULL, NULL),
  (319, 1, 1, 50.0, 5.0, 25.0, 10.0, 1000.0, 2, 0, NULL, NULL, NULL),
  (320, 1, 1, 80.0, 10.0, NULL, NULL, 800.0, 1, 0, NULL, NULL, NULL),
  (321, 1, 0, NULL, NULL, NULL, NULL, NULL, NULL, 0, NULL, NULL, NULL),
  (322, 1, 1, 100.0, 3.0, NULL, NULL, 3333.333333, 1, 1, 1.0, NULL, NULL),
  (323, 1, 1, 100.0, 1.0, NULL, NULL, 10000.0, 1, 1, 1.0, NULL, NULL),
  (324, 0, NULL, NULL, NULL, NULL, NULL, NULL, NULL, 0, NULL, NULL, NULL),
  (325, 1, 1, 60.0, 5.0, NULL, NULL, 1200.0, 1, 0, NULL, NULL, NULL),
  (326, 0, NULL, NULL, NULL, NULL, NULL, NULL, NULL, 0, NULL, NULL, NULL),
  (327, 1, 1, 150.0, 2.0, NULL, NULL, 7500.0, 1, 0, NULL, NULL, NULL),
  (328, 1, 1, 20.0, 5.0, 30.0, 12.0, 400.0, 2, 0, NULL, NULL, NULL),
  (329, 1, 1, 80.0, 4.0, NULL, NULL, 2000.0, 2, 0, NULL, NULL, NULL),
  (330, 0, NULL, NULL, NULL, NULL, NULL, NULL, NULL, 0, NULL, NULL, NULL),
  (331, 1, 1, 120.0, 4.0, NULL, NULL, 3000.0, 1, 0, NULL, NULL, NULL),
  (332, 1, 1, 90.0, 1.5, NULL, NULL, 6000.0, 2, 0, NULL, NULL, NULL),
  (333, 0, NULL, NULL, NULL, NULL, NULL, NULL, NULL, 0, NULL, NULL, NULL),
  (334, 1, 1, 200.0, 2.67, NULL, NULL, 7490.636704, 4, 0, NULL, NULL, NULL),
  (335, 1, 1, 100.0, 2.5, NULL, NULL, 4000.0, 2, 0, NULL, 'yes', 2.5),
  (336, 1, 0, NULL, NULL, NULL, NULL, NULL, NULL, 0, NULL, NULL, NULL),
  (337, 0, NULL, NULL, NULL, NULL, NULL, NULL, NULL, 0, NULL, NULL, NULL),
  (338, 1, 1, 60.0, 6.0, NULL, NULL, NULL, 3, 0, NULL, NULL, NULL),
  (339, 0, NULL, NULL, NULL, NULL, NULL, NULL, NULL, 0, NULL, NULL, NULL),
  (340, 1, 0, NULL, NULL, NULL, NULL, NULL, NULL, 0, NULL, NULL, NULL),
  (341, 1, 1, 30.0, 4.0, NULL, NULL, 750.0, 2, 0, NULL, NULL, NULL),
  (342, 1, 1, 250.0, 1.0, NULL, NULL, 25000.0, 1, 0, NULL, 'yes', 1.5),
  (343, 1, 1, 50.0, 20.0, NULL, NULL, 250.0, 2, 1, 2.0, NULL, NULL),
  (344, 1, 1, 75.0, 1.5, NULL, NULL, 5000.0, 1, 0, NULL, NULL, NULL),
  (345, 1, 0, NULL, NULL, NULL, NULL, NULL, NULL, 0, NULL, NULL, NULL),
  (346, 0, NULL, NULL, NULL, NULL, NULL, NULL, NULL, 0, NULL, NULL, NULL),
  (347, 0, NULL, NULL, NULL, NULL, NULL, NULL, NULL, 0, NULL, NULL, NULL),
  (348, 0, NULL, NULL, NULL, NULL, NULL, NULL, NULL, 0, NULL, NULL, NULL),
  (349, 1, 1, 200.0, 15.0, NULL, NULL, 1333.333333, 1, 0, NULL, NULL, NULL),
  (350, 1, 1, 100.0, 1.33, NULL, NULL, 7518.796992, 2, 0, NULL, 'yes', 0.6),
  (351, 1, 1, 20.0, 1.0, 80.0, 10.0, 2000.0, 1, 0, NULL, NULL, NULL),
  (352, 1, 1, 80.0, 10.0, NULL, NULL, 800.0, 4, 1, 4.0, NULL, NULL),
  (353, 1, 1, 30.0, 1.8, NULL, NULL, 1666.666667, 3, 0, NULL, NULL, NULL),
  (354, 1, 0, NULL, NULL, NULL, NULL, NULL, NULL, 0, NULL, NULL, NULL),
  (355, 1, 1, 75.0, 3.0, NULL, NULL, 2500.0, 3, 0, NULL, NULL, NULL),
  (356, 1, 1, 70.0, 1.0, NULL, NULL, 7000.0, 2, 0, NULL, NULL, NULL),
  (357, 0, NULL, NULL, NULL, NULL, NULL, NULL, NULL, 0, NULL, NULL, NULL),
  (358, 1, 1, 200.0, 6.0, NULL, NULL, 3333.333333, 5, 0, NULL, NULL, NULL),
  (359, 1, 1, 36.0, 6.0, NULL, NULL, 600.0, 1, 0, NULL, 'yes', NULL),
  (360, 0, NULL, NULL, NULL, NULL, NULL, NULL, NULL, 0, NULL, NULL, NULL),
  (361, 1, 1, 50.0, 2.3, NULL, NULL, 2173.913043, 2, 0, NULL, NULL, NULL),
  (362, 1, 0, NULL, NULL, NULL, NULL, NULL, NULL, 0, NULL, NULL, NULL),
  (363, 1, 1, 100.0, 2.25, NULL, NULL, 4444.444444, 1, 1, 1.0, NULL, NULL),
  (364, 1, 1, 60.0, 7.5, NULL, NULL, 800.0, 2, 0, NULL, NULL, NULL),
  (365, 1, 0, NULL, NULL, NULL, NULL, NULL, NULL, 0, NULL, NULL, NULL),
  (366, 1, 1, 300.0, 1.5, NULL, NULL, 20000.0, 5, 1, 1.0, NULL, NULL),
  (367, 0, NULL, NULL, NULL, NULL, NULL, NULL, NULL, 0, NULL, NULL, NULL),
  (368, 1, 1, 75.0, 3.0, NULL, NULL, 2500.0, 2, 0, NULL, NULL, NULL),
  (369, 1, 1, 60.0, 6.0, NULL, NULL, 1000.0, 2, 0, NULL, NULL, NULL),
  (370, 1, 1, 10.0, 10.0, 40.0, 3.0, 100.0, 1, 1, 3.0, NULL, NULL),
  (371, 1, 0, NULL, NULL, NULL, NULL, NULL, NULL, 0, NULL, NULL, NULL),
  (372, 1, 0, NULL, NULL, NULL, NULL, NULL, NULL, 0, NULL, NULL, NULL),
  (373, 1, 1, 25.0, 1.0, NULL, NULL, 2500.0, 1, 0, NULL, NULL, NULL),
  (374, 1, 0, NULL, NULL, NULL, NULL, NULL, NULL, 0, NULL, NULL, NULL),
  (375, 0, NULL, NULL, NULL, NULL, NULL, NULL, NULL, 0, NULL, NULL, NULL),
  (376, 1, 1, 150.0, 2.0, NULL, NULL, 7500.0, 4, 1, 2.0, NULL, NULL),
  (377, 1, 0, NULL, NULL, NULL, NULL, NULL, NULL, 0, NULL, NULL, NULL),
  (378, 1, 1, 35.0, 2.33, 25.0, 10.0, 1502.145923, 1, 0, NULL, NULL, NULL),
  (379, 1, 1, 80.0, 4.0, NULL, NULL, 2000.0, 2, 1, 2.0, NULL, NULL),
  (380, 1, 1, 100.0, 1.0, NULL, NULL, 10000.0, 1, 0, NULL, 'yes', NULL),
  (381, 1, 0, NULL, NULL, NULL, NULL, NULL, NULL, 0, NULL, NULL, NULL),
  (382, 1, 1, 40.0, 16.0, NULL, NULL, 250.0, 4, 0, NULL, NULL, NULL),
  (383, 0, NULL, NULL, NULL, NULL, NULL, NULL, NULL, 0, NULL, NULL, NULL),
  (384, 0, NULL, NULL, NULL, NULL, NULL, NULL, NULL, 0, NULL, NULL, NULL),
  (385, 1, 1, 80.0, 2.0, NULL, NULL, 4000.0, 2, 0, NULL, NULL, NULL),
  (386, 1, 1, 200.0, 1.0, NULL, NULL, 20000.0, 3, 1, 1.0, NULL, NULL),
  (387, 0, NULL, NULL, NULL, NULL, NULL, NULL, NULL, 0, NULL, NULL, NULL),
  (388, 1, 1, 50.0, 5.0, NULL, NULL, 1000.0, 1, 1, 1.0, 'yes', NULL),
  (389, 0, NULL, NULL, NULL, NULL, NULL, NULL, NULL, 0, NULL, NULL, NULL),
  (390, 0, NULL, NULL, NULL, NULL, NULL, NULL, NULL, 0, NULL, NULL, NULL),
  (391, 1, 1, 60.0, 4.0, NULL, NULL, 1500.0, 2, 0, NULL, NULL, NULL),
  (392, 0, NULL, NULL, NULL, NULL, NULL, NULL, NULL, 0, NULL, NULL, NULL),
  (393, 0, NULL, NULL, NULL, NULL, NULL, NULL, NULL, 0, NULL, NULL, NULL),
  (394, 1, 1, 20.0, 1.0, 25.0, 18.0, 2000.0, 1, 0, NULL, 'yes', NULL),
  (395, 1, 1, 60.0, 2.0, NULL, NULL, 3000.0, 2, 0, NULL, NULL, NULL),
  (396, 1, 1, 60.0, 1.5, NULL, NULL, 4000.0, 1, 0, NULL, NULL, NULL),
  (397, 1, 1, 100.0, 5.0, NULL, NULL, 2000.0, 4, 0, NULL, NULL, NULL),
  (398, 1, 1, 100.0, 1.0, NULL, NULL, 10000.0, 1, 1, 1.0, NULL, NULL),
  (399, 0, NULL, NULL, NULL, NULL, NULL, NULL, NULL, 0, NULL, NULL, NULL),
  (400, 1, 1, 25.0, 25.0, NULL, NULL, 100.0, 1, 0, NULL, NULL, NULL),
  (401, 0, NULL, NULL, NULL, NULL, NULL, NULL, NULL, 0, NULL, NULL, NULL),
  (402, 1, 1, 60.0, 3.0, NULL, NULL, 2000.0, 3, 1, 3.0, NULL, NULL),
  (403, 0, NULL, NULL, NULL, NULL, NULL, NULL, NULL, 0, NULL, NULL, NULL),
  (404, 1, 1, 60.0, 5.0, NULL, NULL, 1200.0, 2, 0, NULL, 'yes', NULL),
  (405, 1, 1, 50.0, 4.0, NULL, NULL, 1250.0, 1, 0, NULL, NULL, NULL),
  (406, 1, 1, 120.0, 4.0, NULL, NULL, 3000.0, 4, 0, NULL, NULL, NULL),
  (407, 1, 1, 75.0, 5.0, NULL, NULL, 1500.0, 1, 0, NULL, NULL, NULL),
  (408, 0, NULL, NULL, NULL, NULL, NULL, NULL, NULL, 0, NULL, NULL, NULL),
  (409, 1, 1, 35.0, 0.5, 35.0, 14.0, 7000.0, 2, 0, NULL, NULL, NULL),
  (410, 0, NULL, NULL, NULL, NULL, NULL, NULL, NULL, 0, NULL, NULL, NULL),
  (411, 1, 1, 75.0, 15.0, NULL, NULL, 500.0, 1, 1, 2.0, NULL, NULL),
  (412, 1, 1, 35.0, 6.0, NULL, NULL, 583.3333333, 2, 0, NULL, NULL, NULL),
  (413, 1, 1, 25.0, 10.0, NULL, NULL, 250.0, 3, 0, NULL, NULL, NULL),
  (414, 0, NULL, NULL, NULL, NULL, NULL, NULL, NULL, 0, NULL, NULL, NULL),
  (415, 1, 1, 30.0, 3.0, NULL, NULL, 1000.0, 1, 0, NULL, NULL, NULL),
  (416, 0, NULL, NULL, NULL, NULL, NULL, NULL, NULL, 0, NULL, NULL, NULL),
  (417, 1, 1, 7.0, 10.0, NULL, NULL, 70.0, 2, 0, NULL, 'yes', NULL),
  (418, 0, NULL, NULL, NULL, NULL, NULL, NULL, NULL, 0, NULL, NULL, NULL),
  (419, 1, 1, 25.0, 2.0, NULL, NULL, 1250.0, 1, 0, NULL, NULL, NULL),
  (420, 0, NULL, NULL, NULL, NULL, NULL, NULL, NULL, 0, NULL, NULL, NULL),
  (421, 0, NULL, NULL, NULL, NULL, NULL, NULL, NULL, 0, NULL, NULL, NULL),
  (422, 1, 1, 10.0, 5.0, 40.0, 10.0, 200.0, 1, 0, NULL, NULL, NULL),
  (423, 0, NULL, NULL, NULL, NULL, NULL, NULL, NULL, 0, NULL, NULL, NULL),
  (424, 1, 1, 75.0, 2.5, NULL, NULL, 3000.0, 5, 0, NULL, NULL, NULL),
  (425, 1, 1, 60.0, 2.5, NULL, NULL, 2400.0, 1, 0, NULL, NULL, NULL),
  (426, 1, 1, 10.0, 5.0, 40.0, 8.0, 200.0, 1, 0, NULL, NULL, NULL),
  (427, 0, NULL, NULL, NULL, NULL, NULL, NULL, NULL, 0, NULL, NULL, NULL),
  (428, 1, 1, 75.0, 6.0, 125.0, 10.0, 1250.0, 3, 0, NULL, NULL, NULL),
  (429, 1, 1, 100.0, 10.0, NULL, NULL, 1000.0, 1, 0, NULL, NULL, NULL),
  (430, 1, 1, 100.0, 1.5, NULL, NULL, 6666.666667, 3, 0, NULL, NULL, NULL),
  (431, 0, NULL, NULL, NULL, NULL, NULL, NULL, NULL, 0, NULL, NULL, NULL),
  (432, 0, NULL, NULL, NULL, NULL, NULL, NULL, NULL, 0, NULL, NULL, NULL),
  (433, 0, NULL, NULL, NULL, NULL, NULL, NULL, NULL, 0, NULL, NULL, NULL),
  (434, 1, 1, 40.0, 2.0, 40.0, NULL, 2000.0, 1, 1, 3.0, NULL, NULL),
  (435, 1, 1, 50.0, 1.32, 50.0, 10.0, 3787.878788, 1, 0, NULL, NULL, NULL),
  (436, 1, 1, 0.0125, 1.0, NULL, NULL, 1.25, 5, 0, NULL, NULL, NULL),
  (437, 1, 1, 60.0, 1.0, 50.0, 8.0, 6000.0, 2, 0, NULL, 'yes', NULL),
  (438, 1, 1, 20.0, 1.0, 30.0, 10.0, 2000.0, 1, 0, NULL, NULL, NULL),
  (439, 1, 0, NULL, NULL, NULL, NULL, NULL, NULL, 0, NULL, NULL, NULL),
  (440, 0, NULL, NULL, NULL, NULL, NULL, NULL, NULL, 0, NULL, NULL, NULL),
  (441, 1, 1, 50.0, 5.0, 50.0, 15.0, 1000.0, 1, 0, NULL, 'yes', NULL),
  (442, 1, 1, 75.0, 5.0, 75.0, 10.0, 1500.0, 1, 0, NULL, NULL, NULL),
  (443, 1, 1, 40.0, 8.0, 40.0, 10.0, 500.0, 2, 0, NULL, NULL, NULL),
  (444, 0, NULL, NULL, NULL, NULL, NULL, NULL, NULL, 0, NULL, NULL, NULL),
  (445, 1, 1, 40.0, 2.0, 40.0, 12.0, 2000.0, 2, 0, NULL, NULL, NULL),
  (446, 1, 1, 50.0, 2.5, 20.0, 12.0, 2000.0, 2, 0, NULL, NULL, NULL),
  (447, 0, NULL, NULL, NULL, NULL, NULL, NULL, NULL, 0, NULL, NULL, NULL),
  (448, 1, 1, 20.0, 0.67, 80.0, 10.0, 2985.074627, 1, 0, NULL, NULL, NULL),
  (449, 1, 1, 40.0, 3.0, 35.0, 10.0, 1333.333333, 1, 0, NULL, NULL, NULL),
  (450, 1, 1, 80.0, 1.0, NULL, NULL, 8000.0, 1, 0, NULL, NULL, NULL),
  (451, 0, NULL, NULL, NULL, NULL, NULL, NULL, NULL, 0, NULL, NULL, NULL),
  (452, 1, 1, 72.0, 4.0, NULL, NULL, 1800.0, 2, 0, NULL, NULL, NULL),
  (453, 0, NULL, NULL, NULL, NULL, NULL, NULL, NULL, 0, NULL, NULL, NULL),
  (454, 1, 1, 100.0, 10.0, NULL, NULL, 1000.0, 2, 0, NULL, NULL, NULL),
  (455, 1, 1, 75.0, 15.0, NULL, NULL, 500.0, 1, 1, 3.0, NULL, NULL),
  (456, 1, 1, 50.0, 10.0, 50.0, 14.0, 500.0, 2, 0, NULL, NULL, NULL),
  (457, 1, 1, 50.0, 4.0, NULL, NULL, 1250.0, 2, 0, NULL, NULL, NULL),
  (458, 0, NULL, NULL, NULL, NULL, NULL, NULL, NULL, 0, NULL, NULL, NULL),
  (459, 1, 1, 30.0, 2.5, 30.0, 9.0, 1200.0, 1, 0, NULL, NULL, NULL),
  (460, 0, NULL, NULL, NULL, NULL, NULL, NULL, NULL, 0, NULL, NULL, NULL),
  (461, 0, NULL, NULL, NULL, NULL, NULL, NULL, NULL, 0, NULL, NULL, NULL),
  (462, 0, NULL, NULL, NULL, NULL, NULL, NULL, NULL, 0, NULL, NULL, NULL),
  (463, 1, 1, 100.0, 4.0, NULL, NULL, 2500.0, 3, 0, NULL, NULL, NULL),
  (464, 1, 1, 50.0, 10.0, NULL, NULL, 500.0, 1, 0, NULL, NULL, NULL),
  (465, 0, NULL, NULL, NULL, NULL, NULL, NULL, NULL, 0, NULL, NULL, NULL),
  (466, 0, NULL, NULL, NULL, NULL, NULL, NULL, NULL, 0, NULL, NULL, NULL),
  (467, 0, NULL, NULL, NULL, NULL, NULL, NULL, NULL, 0, NULL, NULL, NULL),
  (468, 0, NULL, NULL, NULL, NULL, NULL, NULL, NULL, 0, NULL, NULL, NULL),
  (469, 1, 1, 50.0, 2.0, 25.0, NULL, 2500.0, 2, 1, 2.0, NULL, NULL),
  (470, 1, 1, 100.0, 3.2, NULL, NULL, 3125.0, 5, 0, NULL, NULL, NULL),
  (471, 0, NULL, NULL, NULL, NULL, NULL, NULL, NULL, 0, NULL, NULL, NULL),
  (472, 0, NULL, NULL, NULL, NULL, NULL, NULL, NULL, 0, NULL, NULL, NULL),
  (473, 1, 1, 100.0, 4.0, NULL, NULL, 2500.0, 4, 1, 2.0, NULL, NULL),
  (474, 0, NULL, NULL, NULL, NULL, NULL, NULL, NULL, 0, NULL, NULL, NULL),
  (475, 0, NULL, NULL, NULL, NULL, NULL, NULL, NULL, 0, NULL, NULL, NULL),
  (476, 1, 1, 25.0, 8.0, NULL, NULL, 312.5, 2, 0, NULL, NULL, NULL),
  (477, 1, 1, 200.0, 4.0, NULL, NULL, 5000.0, 5, 0, NULL, NULL, NULL),
  (478, 0, NULL, NULL, NULL, NULL, NULL, NULL, NULL, 0, NULL, NULL, NULL);

-- ===== 5. SHARKS =====
INSERT INTO sharks
  (pitch_id, shark_name, was_present, invested,
   investment_amount, investment_equity, debt_amount)
VALUES
  (1, 'Namita', 1, 0, NULL, NULL, NULL),
  (1, 'Vineeta', 1, 1, 25.0, 5.33, NULL),
  (1, 'Anupam', 1, 0, NULL, NULL, NULL),
  (1, 'Aman', 1, 1, 25.0, 5.33, NULL),
  (2, 'Namita', 1, 0, NULL, NULL, NULL),
  (2, 'Vineeta', 1, 1, 20.0, 25.0, NULL),
  (2, 'Anupam', 1, 0, NULL, NULL, NULL),
  (2, 'Aman', 1, 0, NULL, NULL, NULL),
  (3, 'Namita', 1, 0, NULL, NULL, NULL),
  (3, 'Vineeta', 1, 1, 12.5, 15.0, NULL),
  (3, 'Anupam', 1, 1, 12.5, 15.0, NULL),
  (3, 'Aman', 1, 0, NULL, NULL, NULL),
  (4, 'Namita', 1, 0, NULL, NULL, NULL),
  (4, 'Vineeta', 1, 0, NULL, NULL, NULL),
  (4, 'Anupam', 1, 0, NULL, NULL, NULL),
  (4, 'Aman', 1, 0, NULL, NULL, NULL),
  (5, 'Namita', 1, 0, NULL, NULL, NULL),
  (5, 'Vineeta', 1, 0, NULL, NULL, NULL),
  (5, 'Anupam', 1, 0, NULL, NULL, NULL),
  (5, 'Aman', 1, 0, NULL, NULL, NULL),
  (6, 'Namita', 1, 0, NULL, NULL, NULL),
  (6, 'Vineeta', 1, 0, NULL, NULL, NULL),
  (6, 'Anupam', 1, 0, NULL, NULL, NULL),
  (6, 'Aman', 1, 0, NULL, NULL, NULL),
  (7, 'Namita', 1, 0, NULL, NULL, NULL),
  (7, 'Vineeta', 1, 0, NULL, NULL, NULL),
  (7, 'Anupam', 1, 0, NULL, NULL, NULL),
  (7, 'Aman', 1, 0, NULL, NULL, NULL),
  (8, 'Namita', 1, 0, NULL, NULL, NULL),
  (8, 'Vineeta', 1, 0, NULL, NULL, NULL),
  (8, 'Anupam', 1, 0, NULL, NULL, NULL),
  (8, 'Aman', 1, 1, 75.0, 6.0, NULL),
  (9, 'Namita', 1, 0, NULL, NULL, NULL),
  (9, 'Vineeta', 1, 1, 20.0, 15.0, 30.0),
  (9, 'Anupam', 1, 0, NULL, NULL, NULL),
  (9, 'Aman', 1, 0, NULL, NULL, NULL),
  (10, 'Namita', 1, 0, NULL, NULL, NULL),
  (10, 'Vineeta', 1, 1, 25.0, 12.5, NULL),
  (10, 'Anupam', 1, 1, 25.0, 12.5, NULL),
  (10, 'Aman', 1, 0, NULL, NULL, NULL),
  (11, 'Namita', 1, 1, 28.3, 2.81, NULL),
  (11, 'Vineeta', 1, 1, 28.3, 2.81, NULL),
  (11, 'Anupam', 1, 0, NULL, NULL, NULL),
  (11, 'Aman', 1, 0, NULL, NULL, NULL),
  (12, 'Namita', 1, 1, 37.5, 3.75, NULL),
  (12, 'Vineeta', 1, 0, NULL, NULL, NULL),
  (12, 'Anupam', 1, 0, NULL, NULL, NULL),
  (12, 'Aman', 1, 1, 37.5, 3.75, NULL),
  (13, 'Namita', 1, 0, NULL, NULL, NULL),
  (13, 'Vineeta', 1, 0, NULL, NULL, NULL),
  (13, 'Anupam', 1, 1, 50.0, 0.75, NULL),
  (13, 'Aman', 1, 1, 50.0, 0.75, NULL),
  (14, 'Namita', 1, 0, NULL, NULL, NULL),
  (14, 'Vineeta', 1, 0, NULL, NULL, NULL),
  (14, 'Anupam', 1, 0, NULL, NULL, NULL),
  (14, 'Aman', 1, 0, NULL, NULL, NULL),
  (15, 'Namita', 1, 0, NULL, NULL, NULL),
  (15, 'Vineeta', 1, 0, NULL, NULL, NULL),
  (15, 'Anupam', 1, 0, NULL, NULL, NULL),
  (15, 'Aman', 1, 0, NULL, NULL, NULL),
  (16, 'Namita', 1, 1, 20.0, 3.0, NULL),
  (16, 'Vineeta', 1, 1, 20.0, 3.0, NULL),
  (16, 'Anupam', 1, 1, 20.0, 3.0, NULL),
  (16, 'Aman', 1, 1, 20.0, 3.0, NULL),
  (17, 'Namita', 1, 1, 50.0, 20.0, NULL),
  (17, 'Vineeta', 1, 0, NULL, NULL, NULL),
  (17, 'Anupam', 1, 0, NULL, NULL, NULL),
  (17, 'Aman', 1, 0, NULL, NULL, NULL),
  (18, 'Namita', 1, 0, NULL, NULL, NULL),
  (18, 'Vineeta', 1, 0, NULL, NULL, NULL),
  (18, 'Anupam', 1, 0, NULL, NULL, NULL),
  (18, 'Aman', 1, 0, NULL, NULL, NULL),
  (19, 'Namita', 1, 0, NULL, NULL, NULL),
  (19, 'Vineeta', 1, 0, NULL, NULL, NULL),
  (19, 'Anupam', 1, 0, NULL, NULL, NULL),
  (19, 'Aman', 1, 1, 50.0, 2.0, NULL),
  (20, 'Namita', 1, 0, NULL, NULL, NULL),
  (20, 'Vineeta', 1, 0, NULL, NULL, NULL),
  (20, 'Anupam', 1, 0, NULL, NULL, NULL),
  (20, 'Aman', 1, 0, NULL, NULL, NULL),
  (21, 'Namita', 1, 0, NULL, NULL, NULL),
  (21, 'Vineeta', 1, 0, NULL, NULL, NULL),
  (21, 'Anupam', 1, 1, 2.5, 5.0, NULL),
  (21, 'Aman', 1, 1, 2.5, 5.0, NULL),
  (22, 'Namita', 1, 0, NULL, NULL, NULL),
  (22, 'Vineeta', 1, 0, NULL, NULL, NULL),
  (22, 'Anupam', 1, 0, NULL, NULL, NULL),
  (22, 'Aman', 1, 0, NULL, NULL, NULL),
  (23, 'Namita', 1, 0, NULL, NULL, NULL),
  (23, 'Anupam', 1, 0, NULL, NULL, NULL),
  (23, 'Aman', 1, 1, 25.0, 1.25, NULL),
  (23, 'Peyush', 1, 0, NULL, NULL, NULL),
  (24, 'Namita', 1, 0, NULL, NULL, NULL),
  (24, 'Anupam', 1, 1, 28.0, 16.66, NULL),
  (24, 'Aman', 1, 0, NULL, NULL, NULL),
  (24, 'Peyush', 1, 1, 28.0, 16.66, NULL),
  (25, 'Namita', 1, 0, NULL, NULL, NULL),
  (25, 'Anupam', 1, 0, NULL, NULL, NULL),
  (25, 'Aman', 1, 0, NULL, NULL, NULL),
  (25, 'Peyush', 1, 0, NULL, NULL, NULL),
  (26, 'Namita', 1, 1, 25.0, 3.5, NULL),
  (26, 'Anupam', 1, 0, NULL, NULL, NULL),
  (26, 'Aman', 1, 1, 25.0, 3.5, NULL),
  (26, 'Peyush', 1, 0, NULL, NULL, NULL),
  (27, 'Namita', 1, 0, NULL, NULL, NULL),
  (27, 'Anupam', 1, 0, NULL, NULL, NULL),
  (27, 'Aman', 1, 1, 25.0, 5.0, NULL),
  (27, 'Peyush', 1, 1, 25.0, 5.0, NULL),
  (28, 'Namita', 1, 0, NULL, NULL, NULL),
  (28, 'Anupam', 1, 0, NULL, NULL, NULL),
  (28, 'Aman', 1, 0, NULL, NULL, NULL),
  (28, 'Peyush', 1, 0, NULL, NULL, NULL),
  (29, 'Namita', 1, 1, 8.33, 6.66, NULL),
  (29, 'Anupam', 1, 0, NULL, NULL, NULL),
  (29, 'Aman', 1, 1, 8.33, 6.66, NULL),
  (29, 'Peyush', 1, 1, 8.33, 6.66, NULL),
  (30, 'Namita', 1, 0, NULL, NULL, NULL),
  (30, 'Anupam', 1, 1, 10.0, 6.66, NULL),
  (30, 'Aman', 1, 1, 10.0, 6.66, NULL),
  (30, 'Peyush', 1, 1, 10.0, 6.66, NULL),
  (31, 'Namita', 1, 0, NULL, NULL, NULL),
  (31, 'Anupam', 1, 0, NULL, NULL, NULL),
  (31, 'Aman', 1, 1, 10.0, 1.0, NULL),
  (31, 'Peyush', 1, 1, 10.0, 1.0, NULL),
  (32, 'Namita', 1, 0, NULL, NULL, NULL),
  (32, 'Anupam', 1, 0, NULL, NULL, NULL),
  (32, 'Aman', 1, 0, NULL, NULL, NULL),
  (32, 'Peyush', 1, 0, NULL, NULL, NULL),
  (33, 'Namita', 1, 0, NULL, NULL, NULL),
  (33, 'Anupam', 1, 1, 50.0, 15.0, NULL),
  (33, 'Aman', 1, 0, NULL, NULL, NULL),
  (33, 'Peyush', 1, 0, NULL, NULL, NULL),
  (34, 'Namita', 1, 1, 15.0, 10.0, NULL),
  (34, 'Anupam', 1, 0, NULL, NULL, NULL),
  (34, 'Aman', 1, 1, 15.0, 10.0, NULL),
  (34, 'Peyush', 1, 0, NULL, NULL, NULL),
  (35, 'Namita', 1, 1, 75.0, 15.0, NULL),
  (35, 'Anupam', 1, 0, NULL, NULL, NULL),
  (35, 'Aman', 1, 0, NULL, NULL, NULL),
  (35, 'Peyush', 1, 0, NULL, NULL, NULL),
  (36, 'Namita', 1, 0, NULL, NULL, NULL),
  (36, 'Anupam', 1, 0, NULL, NULL, NULL),
  (36, 'Aman', 1, 0, NULL, NULL, NULL),
  (36, 'Peyush', 1, 0, NULL, NULL, NULL),
  (37, 'Namita', 1, 0, NULL, NULL, NULL),
  (37, 'Anupam', 1, 1, 13.33, 8.0, NULL),
  (37, 'Aman', 1, 1, 13.33, 8.0, NULL),
  (37, 'Peyush', 1, 1, 13.33, 8.0, NULL),
  (38, 'Namita', 1, 1, 35.0, 1.0, NULL),
  (38, 'Anupam', 1, 1, 35.0, 1.0, NULL),
  (38, 'Aman', 1, 0, NULL, NULL, NULL),
  (38, 'Peyush', 1, 1, 35.0, 1.0, NULL),
  (39, 'Namita', 1, 0, NULL, NULL, NULL),
  (39, 'Anupam', 1, 1, 25.0, 10.0, NULL),
  (39, 'Aman', 1, 0, NULL, NULL, NULL),
  (39, 'Peyush', 1, 1, 25.0, 10.0, NULL),
  (40, 'Namita', 1, 0, NULL, NULL, NULL),
  (40, 'Anupam', 1, 1, 25.0, 2.5, NULL),
  (40, 'Aman', 1, 1, 25.0, 2.5, NULL),
  (40, 'Peyush', 1, 1, 25.0, 2.5, NULL),
  (41, 'Namita', 1, 1, 50.0, 3.0, NULL),
  (41, 'Anupam', 1, 0, NULL, NULL, NULL),
  (41, 'Aman', 1, 1, 50.0, 3.0, NULL),
  (41, 'Peyush', 1, 0, NULL, NULL, NULL),
  (42, 'Namita', 1, 0, NULL, NULL, NULL),
  (42, 'Anupam', 1, 0, NULL, NULL, NULL),
  (42, 'Aman', 1, 0, NULL, NULL, NULL),
  (42, 'Peyush', 1, 0, NULL, NULL, NULL),
  (43, 'Namita', 1, 0, NULL, NULL, NULL),
  (43, 'Anupam', 1, 0, NULL, NULL, NULL),
  (43, 'Aman', 1, 0, NULL, NULL, NULL),
  (43, 'Peyush', 1, 0, NULL, NULL, NULL),
  (44, 'Namita', 1, 0, NULL, NULL, NULL),
  (44, 'Anupam', 1, 0, NULL, NULL, NULL),
  (44, 'Aman', 1, 1, 100.0, 40.0, NULL),
  (44, 'Peyush', 1, 0, NULL, NULL, NULL),
  (45, 'Namita', 1, 0, NULL, NULL, NULL),
  (45, 'Anupam', 1, 0, NULL, NULL, NULL),
  (45, 'Aman', 1, 0, NULL, NULL, NULL),
  (45, 'Peyush', 1, 1, 25.0, 25.0, 25.0),
  (46, 'Namita', 1, 1, 1.6e-05, 1.666, NULL),
  (46, 'Anupam', 1, 1, 1.6e-05, 1.666, NULL),
  (46, 'Aman', 1, 1, 1.6e-05, 1.666, NULL),
  (46, 'Peyush', 1, 0, NULL, NULL, NULL),
  (47, 'Namita', 1, 0, NULL, NULL, NULL),
  (47, 'Anupam', 1, 1, 25.0, 1.75, 15.0),
  (47, 'Aman', 1, 0, NULL, NULL, NULL),
  (47, 'Peyush', 1, 0, NULL, NULL, NULL),
  (48, 'Namita', 1, 0, NULL, NULL, NULL),
  (48, 'Anupam', 1, 0, NULL, NULL, NULL),
  (48, 'Aman', 1, 0, NULL, NULL, NULL),
  (48, 'Peyush', 1, 0, NULL, NULL, NULL),
  (49, 'Namita', 1, 1, 37.5, 7.5, NULL),
  (49, 'Anupam', 1, 0, NULL, NULL, NULL),
  (49, 'Aman', 1, 1, 37.5, 7.5, NULL),
  (49, 'Peyush', 1, 0, NULL, NULL, NULL),
  (50, 'Namita', 1, 0, NULL, NULL, NULL),
  (50, 'Anupam', 1, 1, 22.5, 6.0, NULL),
  (50, 'Aman', 1, 1, 22.5, 6.0, NULL),
  (50, 'Peyush', 1, 0, NULL, NULL, NULL),
  (51, 'Namita', 1, 1, 10.0, 5.0, NULL),
  (51, 'Anupam', 1, 1, 10.0, 5.0, NULL),
  (51, 'Aman', 1, 1, 10.0, 5.0, NULL),
  (51, 'Peyush', 1, 1, 10.0, 5.0, NULL),
  (52, 'Namita', 1, 1, 50.0, 5.0, NULL),
  (52, 'Anupam', 1, 0, NULL, NULL, NULL),
  (52, 'Aman', 1, 0, NULL, NULL, NULL),
  (52, 'Peyush', 1, 1, 50.0, 5.0, NULL),
  (53, 'Namita', 1, 0, NULL, NULL, NULL),
  (53, 'Anupam', 1, 0, NULL, NULL, NULL),
  (53, 'Aman', 1, 0, NULL, NULL, NULL),
  (53, 'Peyush', 1, 0, NULL, NULL, NULL),
  (54, 'Namita', 1, 0, NULL, NULL, NULL),
  (54, 'Anupam', 1, 0, NULL, NULL, NULL),
  (54, 'Aman', 1, 0, NULL, NULL, NULL),
  (54, 'Peyush', 1, 1, 80.0, 20.0, NULL),
  (55, 'Namita', 1, 0, NULL, NULL, NULL),
  (55, 'Anupam', 1, 0, NULL, NULL, NULL),
  (55, 'Aman', 1, 0, NULL, NULL, NULL),
  (55, 'Peyush', 1, 0, NULL, NULL, NULL),
  (56, 'Namita', 1, 0, NULL, NULL, NULL),
  (56, 'Anupam', 1, 0, NULL, NULL, NULL),
  (56, 'Aman', 1, 0, NULL, NULL, NULL),
  (56, 'Peyush', 1, 0, NULL, NULL, NULL),
  (57, 'Namita', 1, 0, NULL, NULL, NULL),
  (57, 'Anupam', 1, 0, NULL, NULL, NULL),
  (57, 'Aman', 1, 0, NULL, NULL, NULL),
  (57, 'Peyush', 1, 0, NULL, NULL, NULL),
  (58, 'Namita', 1, 0, NULL, NULL, NULL),
  (58, 'Anupam', 1, 0, NULL, NULL, NULL),
  (58, 'Aman', 1, 0, NULL, NULL, NULL),
  (58, 'Peyush', 1, 0, NULL, NULL, NULL),
  (59, 'Namita', 1, 0, NULL, NULL, NULL),
  (59, 'Anupam', 1, 0, NULL, NULL, NULL),
  (59, 'Aman', 1, 0, NULL, NULL, NULL),
  (59, 'Peyush', 1, 0, NULL, NULL, NULL),
  (60, 'Namita', 1, 1, 15.0, 2.5, NULL),
  (60, 'Anupam', 1, 0, NULL, NULL, NULL),
  (60, 'Aman', 1, 1, 15.0, 2.5, NULL),
  (60, 'Peyush', 1, 1, 15.0, 2.5, NULL),
  (61, 'Namita', 1, 0, NULL, NULL, NULL),
  (61, 'Anupam', 1, 0, NULL, NULL, NULL),
  (61, 'Aman', 1, 0, NULL, NULL, NULL),
  (61, 'Peyush', 1, 0, NULL, NULL, NULL),
  (62, 'Namita', 1, 0, NULL, NULL, NULL),
  (62, 'Anupam', 1, 0, NULL, NULL, NULL),
  (62, 'Aman', 1, 0, NULL, NULL, NULL),
  (62, 'Peyush', 1, 0, NULL, NULL, NULL),
  (63, 'Namita', 1, 0, NULL, NULL, NULL),
  (63, 'Anupam', 1, 0, NULL, NULL, NULL),
  (63, 'Aman', 1, 0, NULL, NULL, NULL),
  (63, 'Peyush', 1, 1, 40.0, 3.0, 25.0),
  (64, 'Namita', 1, 0, NULL, NULL, NULL),
  (64, 'Anupam', 1, 0, NULL, NULL, NULL),
  (64, 'Aman', 1, 0, NULL, NULL, NULL),
  (64, 'Peyush', 1, 0, NULL, NULL, NULL),
  (65, 'Namita', 1, 1, 20.0, 2.0, NULL),
  (65, 'Anupam', 1, 1, 20.0, 2.0, NULL),
  (65, 'Aman', 1, 1, 20.0, 2.0, NULL),
  (65, 'Peyush', 1, 1, 20.0, 2.0, NULL),
  (66, 'Vineeta', 1, 1, 33.33, 5.0, NULL),
  (66, 'Anupam', 1, 0, NULL, NULL, NULL),
  (66, 'Aman', 1, 1, 33.33, 5.0, NULL),
  (66, 'Peyush', 1, 0, NULL, NULL, NULL),
  (67, 'Vineeta', 1, 0, NULL, NULL, NULL),
  (67, 'Anupam', 1, 0, NULL, NULL, NULL),
  (67, 'Aman', 1, 0, NULL, NULL, NULL),
  (67, 'Peyush', 1, 1, 25.0, 75.0, 22.0),
  (68, 'Vineeta', 1, 1, 17.5, 12.0, NULL),
  (68, 'Anupam', 1, 1, 17.5, 12.0, NULL),
  (68, 'Aman', 1, 0, NULL, NULL, NULL),
  (68, 'Peyush', 1, 0, NULL, NULL, NULL),
  (69, 'Vineeta', 1, 0, NULL, NULL, NULL),
  (69, 'Anupam', 1, 1, 20.0, 1.33, NULL),
  (69, 'Aman', 1, 0, NULL, NULL, NULL),
  (69, 'Peyush', 1, 1, 20.0, 1.33, NULL),
  (70, 'Vineeta', 1, 0, NULL, NULL, NULL),
  (70, 'Anupam', 1, 0, NULL, NULL, NULL),
  (70, 'Aman', 1, 0, NULL, NULL, NULL),
  (70, 'Peyush', 1, 0, NULL, NULL, NULL),
  (71, 'Vineeta', 1, 0, NULL, NULL, NULL),
  (71, 'Anupam', 1, 0, NULL, NULL, NULL),
  (71, 'Aman', 1, 0, NULL, NULL, NULL),
  (71, 'Peyush', 1, 0, NULL, NULL, NULL),
  (72, 'Vineeta', 1, 0, NULL, NULL, NULL),
  (72, 'Anupam', 1, 0, NULL, NULL, NULL),
  (72, 'Aman', 1, 0, NULL, NULL, NULL),
  (72, 'Peyush', 1, 0, NULL, NULL, NULL),
  (73, 'Vineeta', 1, 0, NULL, NULL, NULL),
  (73, 'Anupam', 1, 0, NULL, NULL, NULL),
  (73, 'Aman', 1, 1, 50.0, 10.0, 50.0),
  (73, 'Peyush', 1, 0, NULL, NULL, NULL),
  (74, 'Vineeta', 1, 0, NULL, NULL, NULL),
  (74, 'Anupam', 1, 0, NULL, NULL, NULL),
  (74, 'Aman', 1, 0, NULL, NULL, NULL),
  (74, 'Peyush', 1, 0, NULL, NULL, NULL),
  (75, 'Vineeta', 1, 0, NULL, NULL, NULL),
  (75, 'Anupam', 1, 0, NULL, NULL, NULL),
  (75, 'Aman', 1, 0, NULL, NULL, NULL),
  (75, 'Peyush', 1, 0, NULL, NULL, NULL),
  (76, 'Vineeta', 1, 0, NULL, NULL, NULL),
  (76, 'Anupam', 1, 0, NULL, NULL, NULL),
  (76, 'Aman', 1, 0, NULL, NULL, NULL),
  (76, 'Peyush', 1, 0, NULL, NULL, NULL),
  (77, 'Namita', 1, 0, NULL, NULL, NULL),
  (77, 'Vineeta', 1, 0, NULL, NULL, NULL),
  (77, 'Anupam', 1, 1, 25.0, 17.5, NULL),
  (77, 'Peyush', 1, 0, NULL, NULL, NULL),
  (78, 'Namita', 1, 0, NULL, NULL, NULL),
  (78, 'Vineeta', 1, 0, NULL, NULL, NULL),
  (78, 'Anupam', 1, 0, NULL, NULL, NULL),
  (78, 'Peyush', 1, 1, 10.0, 40.0, 20.0),
  (79, 'Namita', 1, 0, NULL, NULL, NULL),
  (79, 'Vineeta', 1, 0, NULL, NULL, NULL),
  (79, 'Anupam', 1, 0, NULL, NULL, NULL),
  (79, 'Peyush', 1, 0, NULL, NULL, NULL),
  (80, 'Namita', 1, 0, NULL, NULL, NULL),
  (80, 'Vineeta', 1, 0, NULL, NULL, NULL),
  (80, 'Anupam', 1, 1, 50.0, 15.0, NULL),
  (80, 'Peyush', 1, 0, NULL, NULL, NULL),
  (81, 'Namita', 1, 1, 20.0, 1.2, NULL),
  (81, 'Vineeta', 1, 1, 20.0, 1.2, NULL),
  (81, 'Anupam', 1, 1, 20.0, 1.2, NULL),
  (81, 'Peyush', 1, 1, 20.0, 1.2, NULL),
  (82, 'Namita', 1, 0, NULL, NULL, NULL),
  (82, 'Vineeta', 1, 0, NULL, NULL, NULL),
  (82, 'Anupam', 1, 0, NULL, NULL, NULL),
  (82, 'Peyush', 1, 0, NULL, NULL, NULL),
  (83, 'Namita', 1, 0, NULL, NULL, NULL),
  (83, 'Vineeta', 1, 0, NULL, NULL, NULL),
  (83, 'Anupam', 1, 0, NULL, NULL, NULL),
  (83, 'Peyush', 1, 1, 50.0, 50.0, NULL),
  (84, 'Namita', 1, 0, NULL, NULL, NULL),
  (84, 'Vineeta', 1, 0, NULL, NULL, NULL),
  (84, 'Anupam', 1, 0, NULL, NULL, NULL),
  (84, 'Peyush', 1, 0, NULL, NULL, NULL),
  (85, 'Namita', 1, 1, 65.0, 3.0, NULL),
  (85, 'Vineeta', 1, 0, NULL, NULL, NULL),
  (85, 'Anupam', 1, 0, NULL, NULL, NULL),
  (85, 'Peyush', 1, 0, NULL, NULL, NULL),
  (86, 'Namita', 1, 0, NULL, NULL, NULL),
  (86, 'Vineeta', 1, 0, NULL, NULL, NULL),
  (86, 'Anupam', 1, 0, NULL, NULL, NULL),
  (86, 'Peyush', 1, 0, NULL, NULL, NULL),
  (87, 'Namita', 1, 1, 0.0002525, 1.0, NULL),
  (87, 'Vineeta', 1, 0, NULL, NULL, NULL),
  (87, 'Anupam', 1, 1, 0.0002525, 1.0, NULL),
  (87, 'Peyush', 1, 1, 0.0002525, 1.0, NULL),
  (88, 'Namita', 1, 0, NULL, NULL, NULL),
  (88, 'Vineeta', 1, 0, NULL, NULL, NULL),
  (88, 'Anupam', 1, 0, NULL, NULL, NULL),
  (88, 'Peyush', 1, 0, NULL, NULL, NULL),
  (89, 'Namita', 1, 0, NULL, NULL, NULL),
  (89, 'Vineeta', 1, 0, NULL, NULL, NULL),
  (89, 'Anupam', 1, 0, NULL, NULL, NULL),
  (89, 'Peyush', 1, 1, 100.0, 4.0, NULL),
  (90, 'Namita', 1, 0, NULL, NULL, NULL),
  (90, 'Vineeta', 1, 1, 33.33, 5.0, NULL),
  (90, 'Anupam', 1, 0, NULL, NULL, NULL),
  (90, 'Peyush', 1, 1, 33.33, 5.0, NULL),
  (91, 'Namita', 1, 0, NULL, NULL, NULL),
  (91, 'Vineeta', 1, 0, NULL, NULL, NULL),
  (91, 'Anupam', 1, 0, NULL, NULL, NULL),
  (91, 'Peyush', 1, 0, NULL, NULL, NULL),
  (92, 'Namita', 1, 0, NULL, NULL, NULL),
  (92, 'Vineeta', 1, 1, 16.66, 10.0, NULL),
  (92, 'Anupam', 1, 0, NULL, NULL, NULL),
  (92, 'Peyush', 1, 1, 16.66, 10.0, NULL),
  (93, 'Namita', 1, 1, 25.0, 7.0, NULL),
  (93, 'Vineeta', 1, 1, 25.0, 7.0, NULL),
  (93, 'Anupam', 1, 0, NULL, NULL, NULL),
  (93, 'Peyush', 1, 0, NULL, NULL, NULL),
  (94, 'Namita', 1, 0, NULL, NULL, NULL),
  (94, 'Vineeta', 1, 0, NULL, NULL, NULL),
  (94, 'Anupam', 1, 0, NULL, NULL, NULL),
  (94, 'Peyush', 1, 0, NULL, NULL, NULL),
  (95, 'Namita', 1, 0, NULL, NULL, NULL),
  (95, 'Vineeta', 1, 0, NULL, NULL, NULL),
  (95, 'Anupam', 1, 0, NULL, NULL, NULL),
  (95, 'Peyush', 1, 0, NULL, NULL, NULL),
  (96, 'Namita', 1, 0, NULL, NULL, NULL),
  (96, 'Vineeta', 1, 0, NULL, NULL, NULL),
  (96, 'Anupam', 1, 0, NULL, NULL, NULL),
  (96, 'Aman', 1, 0, NULL, NULL, NULL),
  (97, 'Namita', 1, 1, 40.0, 3.0, NULL),
  (97, 'Vineeta', 1, 1, 40.0, 3.0, NULL),
  (97, 'Anupam', 1, 0, NULL, NULL, NULL),
  (97, 'Aman', 1, 0, NULL, NULL, NULL),
  (98, 'Namita', 1, 0, NULL, NULL, NULL),
  (98, 'Vineeta', 1, 0, NULL, NULL, NULL),
  (98, 'Anupam', 1, 0, NULL, NULL, NULL),
  (98, 'Aman', 1, 0, NULL, NULL, NULL),
  (99, 'Namita', 1, 0, NULL, NULL, NULL),
  (99, 'Vineeta', 1, 0, NULL, NULL, NULL),
  (99, 'Anupam', 1, 0, NULL, NULL, NULL),
  (99, 'Aman', 1, 0, NULL, NULL, NULL),
  (100, 'Namita', 1, 0, NULL, NULL, NULL),
  (100, 'Vineeta', 1, 0, NULL, NULL, NULL),
  (100, 'Anupam', 1, 0, NULL, NULL, NULL),
  (100, 'Aman', 1, 0, NULL, NULL, NULL),
  (101, 'Namita', 1, 0, NULL, NULL, NULL),
  (101, 'Vineeta', 1, 0, NULL, NULL, NULL),
  (101, 'Anupam', 1, 0, NULL, NULL, NULL),
  (101, 'Aman', 1, 0, NULL, NULL, NULL),
  (102, 'Namita', 1, 0, NULL, NULL, NULL),
  (102, 'Vineeta', 1, 0, NULL, NULL, NULL),
  (102, 'Anupam', 1, 0, NULL, NULL, NULL),
  (102, 'Aman', 1, 1, 75.0, 2.68, NULL),
  (103, 'Namita', 1, 0, NULL, NULL, NULL),
  (103, 'Vineeta', 1, 0, NULL, NULL, NULL),
  (103, 'Anupam', 1, 0, NULL, NULL, NULL),
  (103, 'Aman', 1, 0, NULL, NULL, NULL),
  (104, 'Namita', 1, 0, NULL, NULL, NULL),
  (104, 'Anupam', 1, 0, NULL, NULL, NULL),
  (104, 'Aman', 1, 0, NULL, NULL, NULL),
  (104, 'Peyush', 1, 0, NULL, NULL, NULL),
  (105, 'Namita', 1, 0, NULL, NULL, NULL),
  (105, 'Anupam', 1, 0, NULL, NULL, NULL),
  (105, 'Aman', 1, 0, NULL, NULL, NULL),
  (105, 'Peyush', 1, 0, NULL, NULL, NULL),
  (106, 'Namita', 1, 0, NULL, NULL, NULL),
  (106, 'Anupam', 1, 0, NULL, NULL, NULL),
  (106, 'Aman', 1, 1, 50.0, 2.0, NULL),
  (106, 'Peyush', 1, 0, NULL, NULL, NULL),
  (107, 'Namita', 1, 0, NULL, NULL, NULL),
  (107, 'Anupam', 1, 0, NULL, NULL, NULL),
  (107, 'Aman', 1, 0, NULL, NULL, NULL),
  (107, 'Peyush', 1, 0, NULL, NULL, NULL),
  (108, 'Namita', 1, 1, 40.0, 25.0, NULL),
  (108, 'Anupam', 1, 0, NULL, NULL, NULL),
  (108, 'Aman', 1, 0, NULL, NULL, NULL),
  (108, 'Peyush', 1, 0, NULL, NULL, NULL),
  (109, 'Namita', 1, 0, NULL, NULL, NULL),
  (109, 'Anupam', 1, 0, NULL, NULL, NULL),
  (109, 'Aman', 1, 0, NULL, NULL, NULL),
  (109, 'Peyush', 1, 0, NULL, NULL, NULL),
  (110, 'Namita', 1, 0, NULL, NULL, NULL),
  (110, 'Anupam', 1, 1, 20.0, 3.33, NULL),
  (110, 'Aman', 1, 0, NULL, NULL, NULL),
  (110, 'Peyush', 1, 1, 20.0, 3.33, NULL),
  (111, 'Namita', 1, 0, NULL, NULL, NULL),
  (111, 'Anupam', 1, 0, NULL, NULL, NULL),
  (111, 'Aman', 1, 0, NULL, NULL, NULL),
  (111, 'Peyush', 1, 1, 50.0, 5.0, NULL),
  (112, 'Namita', 1, 1, 10.0, 5.0, NULL),
  (112, 'Vineeta', 1, 1, 10.0, 5.0, NULL),
  (112, 'Anupam', 1, 0, NULL, NULL, NULL),
  (112, 'Aman', 1, 0, NULL, NULL, NULL),
  (112, 'Peyush', 1, 0, NULL, NULL, NULL),
  (113, 'Namita', 1, 0, NULL, NULL, NULL),
  (113, 'Vineeta', 1, 0, NULL, NULL, NULL),
  (113, 'Anupam', 1, 0, NULL, NULL, NULL),
  (113, 'Aman', 1, 0, NULL, NULL, NULL),
  (113, 'Peyush', 1, 0, NULL, NULL, NULL),
  (114, 'Namita', 1, 0, NULL, NULL, NULL),
  (114, 'Vineeta', 1, 0, NULL, NULL, NULL),
  (114, 'Anupam', 1, 0, NULL, NULL, NULL),
  (114, 'Aman', 1, 0, NULL, NULL, NULL),
  (114, 'Peyush', 1, 0, NULL, NULL, NULL),
  (115, 'Namita', 1, 0, NULL, NULL, NULL),
  (115, 'Vineeta', 1, 0, NULL, NULL, NULL),
  (115, 'Anupam', 1, 0, NULL, NULL, NULL),
  (115, 'Aman', 1, 0, NULL, NULL, NULL),
  (115, 'Peyush', 1, 0, NULL, NULL, NULL),
  (116, 'Namita', 1, 0, NULL, NULL, NULL),
  (116, 'Vineeta', 1, 1, 10.0, 7.5, NULL),
  (116, 'Anupam', 1, 1, 10.0, 7.5, NULL),
  (116, 'Aman', 1, 1, 10.0, 7.5, NULL),
  (116, 'Peyush', 1, 0, NULL, NULL, NULL),
  (117, 'Namita', 1, 0, NULL, NULL, NULL),
  (117, 'Vineeta', 1, 0, NULL, NULL, NULL),
  (117, 'Anupam', 1, 0, NULL, NULL, NULL),
  (117, 'Aman', 1, 0, NULL, NULL, NULL),
  (117, 'Peyush', 1, 0, NULL, NULL, NULL),
  (118, 'Namita', 1, 0, NULL, NULL, NULL),
  (118, 'Vineeta', 1, 0, NULL, NULL, NULL),
  (118, 'Anupam', 1, 0, NULL, NULL, NULL),
  (118, 'Aman', 1, 0, NULL, NULL, NULL),
  (118, 'Peyush', 1, 0, NULL, NULL, NULL),
  (119, 'Namita', 1, 1, 7.0, 4.0, NULL),
  (119, 'Vineeta', 1, 1, 7.0, 4.0, NULL),
  (119, 'Aman', 1, 1, 7.0, 4.0, NULL),
  (119, 'Peyush', 1, 0, NULL, NULL, NULL),
  (120, 'Namita', 1, 0, NULL, NULL, NULL),
  (120, 'Vineeta', 1, 0, NULL, NULL, NULL),
  (120, 'Aman', 1, 0, NULL, NULL, NULL),
  (120, 'Peyush', 1, 0, NULL, NULL, NULL),
  (121, 'Namita', 1, 1, 25.0, 2.0, 25.0),
  (121, 'Vineeta', 1, 0, NULL, NULL, NULL),
  (121, 'Aman', 1, 0, NULL, NULL, NULL),
  (121, 'Peyush', 1, 1, 25.0, 2.0, 25.0),
  (122, 'Namita', 1, 0, NULL, NULL, NULL),
  (122, 'Vineeta', 1, 0, NULL, NULL, NULL),
  (122, 'Aman', 1, 0, NULL, NULL, NULL),
  (122, 'Peyush', 1, 0, NULL, NULL, NULL),
  (123, 'Peyush', 1, 1, 30.0, 5.0, NULL),
  (153, 'Namita', 1, 0, NULL, NULL, NULL),
  (153, 'Vineeta', 1, 0, NULL, NULL, NULL),
  (153, 'Anupam', 1, 0, NULL, NULL, NULL),
  (153, 'Aman', 1, 1, 50.0, 1.0, NULL),
  (153, 'Peyush', 1, 1, 50.0, 1.0, NULL),
  (154, 'Namita', 1, 0, NULL, NULL, NULL),
  (154, 'Vineeta', 1, 1, 10.0, 5.0, NULL),
  (154, 'Anupam', 1, 1, 10.0, 5.0, NULL),
  (154, 'Aman', 1, 0, NULL, NULL, NULL),
  (154, 'Peyush', 1, 1, 10.0, 5.0, NULL),
  (155, 'Namita', 1, 0, NULL, NULL, NULL),
  (155, 'Vineeta', 1, 0, NULL, NULL, NULL),
  (155, 'Anupam', 1, 0, NULL, NULL, NULL),
  (155, 'Aman', 1, 0, NULL, NULL, NULL),
  (155, 'Peyush', 1, 0, NULL, NULL, NULL),
  (156, 'Namita', 1, 1, 25.0, 5.0, NULL),
  (156, 'Vineeta', 1, 0, NULL, NULL, NULL),
  (156, 'Anupam', 1, 0, NULL, NULL, NULL),
  (156, 'Aman', 1, 1, 25.0, 5.0, NULL),
  (156, 'Peyush', 1, 0, NULL, NULL, NULL),
  (157, 'Namita', 1, 0, NULL, NULL, NULL),
  (157, 'Vineeta', 1, 1, 50.0, 5.0, 50.0),
  (157, 'Anupam', 1, 1, 50.0, 5.0, 50.0),
  (157, 'Aman', 1, 0, NULL, NULL, NULL),
  (157, 'Peyush', 1, 0, NULL, NULL, NULL),
  (158, 'Namita', 1, 0, NULL, NULL, NULL),
  (158, 'Vineeta', 1, 1, 50.0, 18.0, 25.0),
  (158, 'Anupam', 1, 0, NULL, NULL, NULL),
  (158, 'Aman', 1, 0, NULL, NULL, NULL),
  (158, 'Peyush', 1, 0, NULL, NULL, NULL),
  (159, 'Namita', 1, 0, NULL, NULL, NULL),
  (159, 'Vineeta', 1, 0, NULL, NULL, NULL),
  (159, 'Anupam', 1, 0, NULL, NULL, NULL),
  (159, 'Aman', 1, 0, NULL, NULL, NULL),
  (159, 'Peyush', 1, 0, NULL, NULL, NULL),
  (160, 'Namita', 1, 1, 50.0, 0.2, 50.0),
  (160, 'Vineeta', 1, 0, NULL, NULL, NULL),
  (160, 'Anupam', 1, 0, NULL, NULL, NULL),
  (160, 'Aman', 1, 1, 50.0, 0.2, 50.0),
  (160, 'Peyush', 1, 1, 50.0, 0.2, 50.0),
  (161, 'Namita', 1, 1, 20.0, 20.0, NULL),
  (161, 'Vineeta', 1, 0, NULL, NULL, NULL),
  (161, 'Anupam', 1, 0, NULL, NULL, NULL),
  (161, 'Aman', 1, 0, NULL, NULL, NULL),
  (161, 'Peyush', 1, 0, NULL, NULL, NULL),
  (162, 'Namita', 1, 0, NULL, NULL, NULL),
  (162, 'Vineeta', 1, 0, NULL, NULL, NULL),
  (162, 'Anupam', 1, 0, NULL, NULL, NULL),
  (162, 'Aman', 1, 1, 50.0, 3.335, NULL),
  (162, 'Peyush', 1, 1, 50.0, 3.335, NULL),
  (163, 'Namita', 1, 0, NULL, NULL, NULL),
  (163, 'Vineeta', 1, 0, NULL, NULL, NULL),
  (163, 'Anupam', 1, 1, 20.0, 2.0, NULL),
  (163, 'Aman', 1, 0, NULL, NULL, NULL),
  (163, 'Peyush', 1, 1, 20.0, 2.0, NULL),
  (164, 'Namita', 1, 1, 35.0, 5.0, 35.0),
  (164, 'Vineeta', 1, 0, NULL, NULL, NULL),
  (164, 'Anupam', 1, 0, NULL, NULL, NULL),
  (164, 'Aman', 1, 0, NULL, NULL, NULL),
  (164, 'Peyush', 1, 0, NULL, NULL, NULL),
  (165, 'Namita', 1, 0, NULL, NULL, NULL),
  (165, 'Vineeta', 1, 1, 50.0, 5.0, NULL),
  (165, 'Anupam', 1, 1, 50.0, 5.0, NULL),
  (165, 'Aman', 1, 0, NULL, NULL, NULL),
  (165, 'Peyush', 1, 0, NULL, NULL, NULL),
  (166, 'Namita', 1, 0, NULL, NULL, NULL),
  (166, 'Vineeta', 1, 0, NULL, NULL, NULL),
  (166, 'Anupam', 1, 0, NULL, NULL, NULL),
  (166, 'Aman', 1, 0, NULL, NULL, NULL),
  (166, 'Peyush', 1, 0, NULL, NULL, NULL),
  (167, 'Namita', 1, 0, NULL, NULL, NULL),
  (167, 'Vineeta', 1, 0, NULL, NULL, NULL),
  (167, 'Anupam', 1, 0, NULL, NULL, NULL),
  (167, 'Aman', 1, 0, NULL, NULL, NULL),
  (167, 'Peyush', 1, 0, NULL, NULL, NULL),
  (168, 'Namita', 1, 0, NULL, NULL, NULL),
  (168, 'Vineeta', 1, 1, 12.5, 2.0, NULL),
  (168, 'Anupam', 1, 1, 12.5, 2.0, NULL),
  (168, 'Aman', 1, 1, 12.5, 2.0, NULL),
  (168, 'Peyush', 1, 1, 12.5, 2.0, NULL),
  (169, 'Namita', 1, 1, 33.33, 0.666, NULL),
  (169, 'Vineeta', 1, 0, NULL, NULL, NULL),
  (169, 'Anupam', 1, 0, NULL, NULL, NULL),
  (169, 'Aman', 1, 1, 33.33, 0.666, NULL),
  (169, 'Peyush', 1, 1, 33.33, 0.666, NULL),
  (170, 'Namita', 1, 0, NULL, NULL, NULL),
  (170, 'Vineeta', 1, 0, NULL, NULL, NULL),
  (170, 'Anupam', 1, 0, NULL, NULL, NULL),
  (170, 'Aman', 1, 0, NULL, NULL, NULL),
  (170, 'Peyush', 1, 0, NULL, NULL, NULL),
  (171, 'Namita', 1, 0, NULL, NULL, NULL),
  (171, 'Vineeta', 1, 0, NULL, NULL, NULL),
  (171, 'Anupam', 1, 0, NULL, NULL, NULL),
  (171, 'Aman', 1, 0, NULL, NULL, NULL),
  (171, 'Peyush', 1, 0, NULL, NULL, NULL),
  (172, 'Namita', 1, 0, NULL, NULL, NULL),
  (172, 'Vineeta', 1, 1, 15.0, 5.0, NULL),
  (172, 'Anupam', 1, 0, NULL, NULL, NULL),
  (172, 'Aman', 1, 1, 15.0, 5.0, NULL),
  (172, 'Peyush', 1, 0, NULL, NULL, NULL),
  (173, 'Namita', 1, 1, 50.0, 3.5, 50.0),
  (173, 'Vineeta', 1, 0, NULL, NULL, NULL),
  (173, 'Anupam', 1, 0, NULL, NULL, NULL),
  (173, 'Aman', 1, 0, NULL, NULL, NULL),
  (173, 'Peyush', 1, 0, NULL, NULL, NULL),
  (174, 'Namita', 1, 1, 15.0, 1.5, NULL),
  (174, 'Vineeta', 1, 0, NULL, NULL, NULL),
  (174, 'Anupam', 1, 0, NULL, NULL, NULL),
  (174, 'Aman', 1, 1, 15.0, 1.5, NULL),
  (174, 'Peyush', 1, 0, NULL, NULL, NULL),
  (175, 'Namita', 1, 0, NULL, NULL, NULL),
  (175, 'Vineeta', 1, 0, NULL, NULL, NULL),
  (175, 'Anupam', 1, 0, NULL, NULL, NULL),
  (175, 'Aman', 1, 1, 37.5, 1.875, NULL),
  (175, 'Peyush', 1, 1, 37.5, 1.875, NULL),
  (176, 'Namita', 1, 0, NULL, NULL, NULL),
  (176, 'Vineeta', 1, 0, NULL, NULL, NULL),
  (176, 'Anupam', 1, 0, NULL, NULL, NULL),
  (176, 'Aman', 1, 0, NULL, NULL, NULL),
  (176, 'Peyush', 1, 0, NULL, NULL, NULL),
  (177, 'Namita', 1, 0, NULL, NULL, NULL),
  (177, 'Vineeta', 1, 1, 32.5, 1.0, NULL),
  (177, 'Anupam', 1, 0, NULL, NULL, NULL),
  (177, 'Aman', 1, 1, 32.5, 1.0, NULL),
  (177, 'Peyush', 1, 0, NULL, NULL, NULL),
  (178, 'Namita', 1, 1, 50.0, 2.0, NULL),
  (178, 'Vineeta', 1, 0, NULL, NULL, NULL),
  (178, 'Anupam', 1, 0, NULL, NULL, NULL),
  (178, 'Aman', 1, 0, NULL, NULL, NULL),
  (178, 'Peyush', 1, 0, NULL, NULL, NULL),
  (179, 'Namita', 1, 0, NULL, NULL, NULL),
  (179, 'Vineeta', 1, 0, NULL, NULL, NULL),
  (179, 'Anupam', 1, 1, 100.0, 10.0, NULL),
  (179, 'Aman', 1, 0, NULL, NULL, NULL),
  (179, 'Peyush', 1, 0, NULL, NULL, NULL),
  (180, 'Namita', 1, 0, NULL, NULL, NULL),
  (180, 'Vineeta', 1, 0, NULL, NULL, NULL),
  (180, 'Anupam', 1, 0, NULL, NULL, NULL),
  (180, 'Aman', 1, 0, NULL, NULL, NULL),
  (180, 'Peyush', 1, 0, NULL, NULL, NULL),
  (181, 'Namita', 1, 1, 25.0, 7.5, 50.0),
  (181, 'Vineeta', 1, 0, NULL, NULL, NULL),
  (181, 'Anupam', 1, 0, NULL, NULL, NULL),
  (181, 'Aman', 1, 0, NULL, NULL, NULL),
  (181, 'Peyush', 1, 0, NULL, NULL, NULL),
  (182, 'Namita', 1, 0, NULL, NULL, NULL),
  (182, 'Vineeta', 1, 0, NULL, NULL, NULL),
  (182, 'Anupam', 1, 0, NULL, NULL, NULL),
  (182, 'Aman', 1, 0, NULL, NULL, NULL),
  (182, 'Peyush', 1, 1, 40.0, 10.0, NULL),
  (183, 'Namita', 1, 0, NULL, NULL, NULL),
  (183, 'Vineeta', 1, 0, NULL, NULL, NULL),
  (183, 'Anupam', 1, 0, NULL, NULL, NULL),
  (183, 'Aman', 1, 1, 37.5, 1.5, NULL),
  (183, 'Peyush', 1, 1, 37.5, 1.5, NULL),
  (184, 'Namita', 1, 1, 30.0, 4.0, 50.0),
  (184, 'Vineeta', 1, 0, NULL, NULL, NULL),
  (184, 'Anupam', 1, 0, NULL, NULL, NULL),
  (184, 'Aman', 1, 0, NULL, NULL, NULL),
  (184, 'Peyush', 1, 0, NULL, NULL, NULL),
  (185, 'Namita', 1, 0, NULL, NULL, NULL),
  (185, 'Anupam', 1, 0, NULL, NULL, NULL),
  (185, 'Aman', 1, 1, 60.0, 4.0, NULL),
  (185, 'Peyush', 1, 0, NULL, NULL, NULL),
  (185, 'Amit', 1, 0, NULL, NULL, NULL),
  (186, 'Namita', 1, 1, 100.0, 2.5, NULL),
  (186, 'Anupam', 1, 0, NULL, NULL, NULL),
  (186, 'Aman', 1, 0, NULL, NULL, NULL),
  (186, 'Peyush', 1, 0, NULL, NULL, NULL),
  (186, 'Amit', 1, 0, NULL, NULL, NULL),
  (187, 'Namita', 1, 0, NULL, NULL, NULL),
  (187, 'Anupam', 1, 0, NULL, NULL, NULL),
  (187, 'Aman', 1, 0, NULL, NULL, NULL),
  (187, 'Peyush', 1, 0, NULL, NULL, NULL),
  (187, 'Amit', 1, 0, NULL, NULL, NULL),
  (188, 'Namita', 1, 1, 18.75, 3.75, NULL),
  (188, 'Anupam', 1, 0, NULL, NULL, NULL),
  (188, 'Aman', 1, 1, 18.75, 3.75, NULL),
  (188, 'Peyush', 1, 1, 18.75, 3.75, NULL),
  (188, 'Amit', 1, 1, 18.75, 3.75, NULL),
  (189, 'Namita', 1, 0, NULL, NULL, NULL),
  (189, 'Anupam', 1, 0, NULL, NULL, NULL),
  (189, 'Aman', 1, 0, NULL, NULL, NULL),
  (189, 'Peyush', 1, 0, NULL, NULL, NULL),
  (189, 'Amit', 1, 1, 40.0, 20.0, NULL),
  (190, 'Namita', 1, 0, NULL, NULL, NULL),
  (190, 'Anupam', 1, 0, NULL, NULL, NULL),
  (190, 'Aman', 1, 0, NULL, NULL, NULL),
  (190, 'Peyush', 1, 0, NULL, NULL, NULL),
  (190, 'Amit', 1, 0, NULL, NULL, NULL),
  (191, 'Namita', 1, 0, NULL, NULL, NULL),
  (191, 'Anupam', 1, 1, 25.5, 3.0, NULL),
  (191, 'Aman', 1, 0, NULL, NULL, NULL),
  (191, 'Peyush', 1, 1, 25.5, 3.0, NULL),
  (191, 'Amit', 1, 0, NULL, NULL, NULL),
  (192, 'Namita', 1, 0, NULL, NULL, NULL),
  (192, 'Anupam', 1, 0, NULL, NULL, NULL),
  (192, 'Aman', 1, 0, NULL, NULL, NULL),
  (192, 'Peyush', 1, 0, NULL, NULL, NULL),
  (192, 'Amit', 1, 1, 75.0, 5.0, NULL),
  (193, 'Namita', 1, 0, NULL, NULL, NULL),
  (193, 'Anupam', 1, 0, NULL, NULL, NULL),
  (193, 'Aman', 1, 0, NULL, NULL, NULL),
  (193, 'Peyush', 1, 0, NULL, NULL, NULL),
  (193, 'Amit', 1, 0, NULL, NULL, NULL),
  (194, 'Namita', 1, 0, NULL, NULL, NULL),
  (194, 'Anupam', 1, 0, NULL, NULL, NULL),
  (194, 'Aman', 1, 0, NULL, NULL, NULL),
  (194, 'Peyush', 1, 0, NULL, NULL, NULL),
  (194, 'Amit', 1, 1, 72.0, 6.5, NULL),
  (195, 'Namita', 1, 0, NULL, NULL, NULL),
  (195, 'Anupam', 1, 0, NULL, NULL, NULL),
  (195, 'Aman', 1, 1, 45.0, 3.75, NULL),
  (195, 'Peyush', 1, 1, 45.0, 3.75, NULL),
  (195, 'Amit', 1, 0, NULL, NULL, NULL),
  (196, 'Namita', 1, 1, 30.0, 3.0, NULL),
  (196, 'Anupam', 1, 0, NULL, NULL, NULL),
  (196, 'Aman', 1, 0, NULL, NULL, NULL),
  (196, 'Peyush', 1, 0, NULL, NULL, NULL),
  (196, 'Amit', 1, 1, 30.0, 3.0, NULL),
  (197, 'Namita', 1, 1, 19.0, 1.0, 41.0),
  (197, 'Anupam', 1, 0, NULL, NULL, NULL),
  (197, 'Aman', 1, 0, NULL, NULL, NULL),
  (197, 'Peyush', 1, 0, NULL, NULL, NULL),
  (197, 'Amit', 1, 0, NULL, NULL, NULL),
  (198, 'Namita', 1, 0, NULL, NULL, NULL),
  (198, 'Anupam', 1, 0, NULL, NULL, NULL),
  (198, 'Aman', 1, 0, NULL, NULL, NULL),
  (198, 'Peyush', 1, 1, 50.0, 2.0, NULL),
  (198, 'Amit', 1, 0, NULL, NULL, NULL),
  (199, 'Namita', 1, 0, NULL, NULL, NULL),
  (199, 'Anupam', 1, 1, 45.0, 1.5, NULL),
  (199, 'Aman', 1, 0, NULL, NULL, NULL),
  (199, 'Peyush', 1, 1, 45.0, 1.5, NULL),
  (199, 'Amit', 1, 0, NULL, NULL, NULL),
  (200, 'Namita', 1, 0, NULL, NULL, NULL),
  (200, 'Anupam', 1, 0, NULL, NULL, NULL),
  (200, 'Aman', 1, 0, NULL, NULL, NULL),
  (200, 'Peyush', 1, 0, NULL, NULL, NULL),
  (200, 'Amit', 1, 0, NULL, NULL, NULL),
  (201, 'Namita', 1, 0, NULL, NULL, NULL),
  (201, 'Anupam', 1, 0, NULL, NULL, NULL),
  (201, 'Aman', 1, 0, NULL, NULL, NULL),
  (201, 'Peyush', 1, 0, NULL, NULL, NULL),
  (201, 'Amit', 1, 0, NULL, NULL, NULL),
  (202, 'Namita', 1, 0, NULL, NULL, NULL),
  (202, 'Anupam', 1, 0, NULL, NULL, NULL),
  (202, 'Aman', 1, 0, NULL, NULL, NULL),
  (202, 'Peyush', 1, 1, 10.0, 10.0, 10.0),
  (202, 'Amit', 1, 1, 10.0, 10.0, 10.0),
  (203, 'Namita', 1, 0, NULL, NULL, NULL),
  (203, 'Anupam', 1, 1, 50.0, 25.0, NULL),
  (203, 'Aman', 1, 0, NULL, NULL, NULL),
  (203, 'Peyush', 1, 0, NULL, NULL, NULL),
  (203, 'Amit', 1, 0, NULL, NULL, NULL),
  (204, 'Namita', 1, 0, NULL, NULL, NULL),
  (204, 'Anupam', 1, 0, NULL, NULL, NULL),
  (204, 'Aman', 1, 0, NULL, NULL, NULL),
  (204, 'Peyush', 1, 1, 100.0, 1.0, NULL),
  (204, 'Amit', 1, 0, NULL, NULL, NULL),
  (205, 'Namita', 1, 0, NULL, NULL, NULL),
  (205, 'Anupam', 1, 0, NULL, NULL, NULL),
  (205, 'Aman', 1, 0, NULL, NULL, NULL),
  (205, 'Peyush', 1, 0, NULL, NULL, NULL),
  (205, 'Amit', 1, 1, 25.0, 5.0, 25.0),
  (206, 'Namita', 1, 0, NULL, NULL, NULL),
  (206, 'Anupam', 1, 0, NULL, NULL, NULL),
  (206, 'Aman', 1, 0, NULL, NULL, NULL),
  (206, 'Peyush', 1, 0, NULL, NULL, NULL),
  (206, 'Amit', 1, 0, NULL, NULL, NULL),
  (207, 'Namita', 1, 0, NULL, NULL, NULL),
  (207, 'Vineeta', 1, 0, NULL, NULL, NULL),
  (207, 'Anupam', 1, 0, NULL, NULL, NULL),
  (207, 'Aman', 1, 0, NULL, NULL, NULL),
  (207, 'Peyush', 1, 0, NULL, NULL, NULL),
  (208, 'Namita', 1, 1, 70.0, 5.0, NULL),
  (208, 'Vineeta', 1, 0, NULL, NULL, NULL),
  (208, 'Anupam', 1, 0, NULL, NULL, NULL),
  (208, 'Aman', 1, 0, NULL, NULL, NULL),
  (208, 'Peyush', 1, 0, NULL, NULL, NULL),
  (209, 'Namita', 1, 0, NULL, NULL, NULL),
  (209, 'Vineeta', 1, 0, NULL, NULL, NULL),
  (209, 'Anupam', 1, 0, NULL, NULL, NULL),
  (209, 'Aman', 1, 1, 37.5, 1.43, NULL),
  (209, 'Peyush', 1, 1, 37.5, 1.43, NULL),
  (210, 'Namita', 1, 1, 30.0, 0.3, NULL),
  (210, 'Vineeta', 1, 1, 30.0, 0.3, NULL),
  (210, 'Anupam', 1, 1, 30.0, 0.3, NULL),
  (210, 'Aman', 1, 1, 30.0, 0.3, NULL),
  (210, 'Peyush', 1, 1, 30.0, 0.3, NULL),
  (211, 'Namita', 1, 1, 50.0, 0.833, NULL),
  (211, 'Vineeta', 1, 0, NULL, NULL, NULL),
  (211, 'Anupam', 1, 0, NULL, NULL, NULL),
  (211, 'Aman', 1, 1, 50.0, 0.833, NULL),
  (211, 'Peyush', 1, 1, 50.0, 0.833, NULL),
  (212, 'Namita', 1, 0, NULL, NULL, NULL),
  (212, 'Vineeta', 1, 0, NULL, NULL, NULL),
  (212, 'Anupam', 1, 0, NULL, NULL, NULL),
  (212, 'Aman', 1, 0, NULL, NULL, NULL),
  (212, 'Peyush', 1, 0, NULL, NULL, NULL),
  (213, 'Namita', 1, 0, NULL, NULL, NULL),
  (213, 'Vineeta', 1, 0, NULL, NULL, NULL),
  (213, 'Anupam', 1, 0, NULL, NULL, NULL),
  (213, 'Aman', 1, 0, NULL, NULL, NULL),
  (213, 'Peyush', 1, 0, NULL, NULL, NULL),
  (214, 'Namita', 1, 0, NULL, NULL, NULL),
  (214, 'Vineeta', 1, 0, NULL, NULL, NULL),
  (214, 'Anupam', 1, 0, NULL, NULL, NULL),
  (214, 'Aman', 1, 1, 15.0, 10.0, 35.0),
  (214, 'Peyush', 1, 0, NULL, NULL, NULL),
  (215, 'Namita', 1, 0, NULL, NULL, NULL),
  (215, 'Vineeta', 1, 0, NULL, NULL, NULL),
  (215, 'Anupam', 1, 0, NULL, NULL, NULL),
  (215, 'Aman', 1, 0, NULL, NULL, NULL),
  (215, 'Peyush', 1, 0, NULL, NULL, NULL),
  (216, 'Namita', 1, 0, NULL, NULL, NULL),
  (216, 'Vineeta', 1, 0, NULL, NULL, NULL),
  (216, 'Anupam', 1, 0, NULL, NULL, NULL),
  (216, 'Aman', 1, 0, NULL, NULL, NULL),
  (216, 'Peyush', 1, 0, NULL, NULL, NULL),
  (217, 'Namita', 1, 1, 33.33, 1.0, NULL),
  (217, 'Vineeta', 1, 0, NULL, NULL, NULL),
  (217, 'Anupam', 1, 0, NULL, NULL, NULL),
  (217, 'Aman', 1, 1, 33.33, 1.0, NULL),
  (217, 'Peyush', 1, 1, 33.33, 1.0, NULL),
  (218, 'Namita', 1, 0, NULL, NULL, NULL),
  (218, 'Vineeta', 1, 0, NULL, NULL, NULL),
  (218, 'Anupam', 1, 1, 75.0, 10.0, NULL),
  (218, 'Aman', 1, 0, NULL, NULL, NULL),
  (218, 'Peyush', 1, 0, NULL, NULL, NULL),
  (219, 'Namita', 1, 0, NULL, NULL, NULL),
  (219, 'Vineeta', 1, 1, 25.0, 10.0, 12.5),
  (219, 'Anupam', 1, 1, 25.0, 10.0, 12.5),
  (219, 'Aman', 1, 0, NULL, NULL, NULL),
  (219, 'Peyush', 1, 0, NULL, NULL, NULL),
  (220, 'Namita', 1, 1, 25.0, 1.0, NULL),
  (220, 'Vineeta', 1, 1, 25.0, 1.0, NULL),
  (220, 'Anupam', 1, 1, 25.0, 1.0, NULL),
  (220, 'Aman', 1, 0, NULL, NULL, NULL),
  (220, 'Peyush', 1, 1, 25.0, 1.0, NULL),
  (221, 'Namita', 1, 1, 12.5, 2.5, 12.5),
  (221, 'Vineeta', 1, 1, 12.5, 2.5, 12.5),
  (221, 'Anupam', 1, 0, NULL, NULL, NULL),
  (221, 'Aman', 1, 0, NULL, NULL, NULL),
  (221, 'Peyush', 1, 0, NULL, NULL, NULL),
  (222, 'Namita', 1, 0, NULL, NULL, NULL),
  (222, 'Vineeta', 1, 1, 15.0, 2.5, NULL),
  (222, 'Anupam', 1, 0, NULL, NULL, NULL),
  (222, 'Aman', 1, 0, NULL, NULL, NULL),
  (222, 'Peyush', 1, 1, 15.0, 2.5, NULL),
  (223, 'Namita', 1, 0, NULL, NULL, NULL),
  (223, 'Vineeta', 1, 0, NULL, NULL, NULL),
  (223, 'Anupam', 1, 0, NULL, NULL, NULL),
  (223, 'Aman', 1, 0, NULL, NULL, NULL),
  (223, 'Peyush', 1, 0, NULL, NULL, NULL),
  (224, 'Namita', 1, 0, NULL, NULL, NULL),
  (224, 'Vineeta', 1, 1, 33.33, 3.33, NULL),
  (224, 'Anupam', 1, 1, 33.33, 3.33, NULL),
  (224, 'Aman', 1, 1, 33.33, 3.33, NULL),
  (224, 'Amit', 1, 0, NULL, NULL, NULL),
  (225, 'Namita', 1, 0, NULL, NULL, NULL),
  (225, 'Vineeta', 1, 0, NULL, NULL, NULL),
  (225, 'Anupam', 1, 1, 75.0, 7.5, NULL),
  (225, 'Aman', 1, 0, NULL, NULL, NULL),
  (225, 'Amit', 1, 0, NULL, NULL, NULL),
  (226, 'Namita', 1, 0, NULL, NULL, NULL),
  (226, 'Vineeta', 1, 0, NULL, NULL, NULL),
  (226, 'Anupam', 1, 0, NULL, NULL, NULL),
  (226, 'Aman', 1, 0, NULL, NULL, NULL),
  (226, 'Amit', 1, 0, NULL, NULL, NULL),
  (227, 'Namita', 1, 0, NULL, NULL, NULL),
  (227, 'Vineeta', 1, 0, NULL, NULL, NULL),
  (227, 'Anupam', 1, 0, NULL, NULL, NULL),
  (227, 'Aman', 1, 0, NULL, NULL, NULL),
  (227, 'Amit', 1, 1, 60.0, 5.0, NULL),
  (228, 'Namita', 1, 0, NULL, NULL, NULL),
  (228, 'Vineeta', 1, 0, NULL, NULL, NULL),
  (228, 'Anupam', 1, 1, 40.0, 20.0, NULL),
  (228, 'Aman', 1, 0, NULL, NULL, NULL),
  (228, 'Amit', 1, 0, NULL, NULL, NULL),
  (229, 'Namita', 1, 0, NULL, NULL, NULL),
  (229, 'Vineeta', 1, 0, NULL, NULL, NULL),
  (229, 'Anupam', 1, 0, NULL, NULL, NULL),
  (229, 'Aman', 1, 1, 75.0, 10.0, NULL),
  (229, 'Amit', 1, 0, NULL, NULL, NULL),
  (230, 'Namita', 1, 0, NULL, NULL, NULL),
  (230, 'Vineeta', 1, 0, NULL, NULL, NULL),
  (230, 'Anupam', 1, 0, NULL, NULL, NULL),
  (230, 'Aman', 1, 0, NULL, NULL, NULL),
  (230, 'Amit', 1, 0, NULL, NULL, NULL),
  (231, 'Namita', 1, 1, 50.0, 1.0, NULL),
  (231, 'Vineeta', 1, 0, NULL, NULL, NULL),
  (231, 'Anupam', 1, 1, 50.0, 1.0, NULL),
  (231, 'Aman', 1, 1, 50.0, 1.0, NULL),
  (231, 'Amit', 1, 1, 50.0, 1.0, NULL),
  (232, 'Namita', 1, 0, NULL, NULL, NULL),
  (232, 'Vineeta', 1, 0, NULL, NULL, NULL),
  (232, 'Anupam', 1, 0, NULL, NULL, NULL),
  (232, 'Aman', 1, 1, 50.0, 3.0, 25.0),
  (232, 'Amit', 1, 0, NULL, NULL, NULL),
  (233, 'Namita', 1, 0, NULL, NULL, NULL),
  (233, 'Vineeta', 1, 1, 100.0, 8.0, NULL),
  (233, 'Anupam', 1, 0, NULL, NULL, NULL),
  (233, 'Aman', 1, 0, NULL, NULL, NULL),
  (233, 'Amit', 1, 0, NULL, NULL, NULL),
  (234, 'Namita', 1, 0, NULL, NULL, NULL),
  (234, 'Vineeta', 1, 0, NULL, NULL, NULL),
  (234, 'Anupam', 1, 0, NULL, NULL, NULL),
  (234, 'Aman', 1, 0, NULL, NULL, NULL),
  (234, 'Amit', 1, 0, NULL, NULL, NULL),
  (235, 'Namita', 1, 0, NULL, NULL, NULL),
  (235, 'Vineeta', 1, 0, NULL, NULL, NULL),
  (235, 'Anupam', 1, 0, NULL, NULL, NULL),
  (235, 'Aman', 1, 0, NULL, NULL, NULL),
  (235, 'Amit', 1, 0, NULL, NULL, NULL),
  (236, 'Namita', 1, 0, NULL, NULL, NULL),
  (236, 'Vineeta', 1, 0, NULL, NULL, NULL),
  (236, 'Anupam', 1, 0, NULL, NULL, NULL),
  (236, 'Aman', 1, 0, NULL, NULL, NULL),
  (236, 'Amit', 1, 0, NULL, NULL, NULL),
  (237, 'Namita', 1, 0, NULL, NULL, NULL),
  (237, 'Vineeta', 1, 0, NULL, NULL, NULL),
  (237, 'Anupam', 1, 0, NULL, NULL, NULL),
  (237, 'Aman', 1, 1, 100.0, 1.25, NULL),
  (237, 'Amit', 1, 0, NULL, NULL, NULL),
  (238, 'Namita', 1, 0, NULL, NULL, NULL),
  (238, 'Vineeta', 1, 0, NULL, NULL, NULL),
  (238, 'Anupam', 1, 0, NULL, NULL, NULL),
  (238, 'Aman', 1, 0, NULL, NULL, NULL),
  (238, 'Amit', 1, 0, NULL, NULL, NULL),
  (239, 'Namita', 1, 1, 20.0, 1.6, NULL),
  (239, 'Vineeta', 1, 0, NULL, NULL, NULL),
  (239, 'Anupam', 1, 1, 20.0, 1.6, NULL),
  (239, 'Aman', 1, 0, NULL, NULL, NULL),
  (239, 'Amit', 1, 0, NULL, NULL, NULL),
  (240, 'Namita', 1, 1, 6.0, 4.0, NULL),
  (240, 'Vineeta', 1, 1, 6.0, 4.0, NULL),
  (240, 'Anupam', 1, 1, 6.0, 4.0, NULL),
  (240, 'Aman', 1, 1, 6.0, 4.0, NULL),
  (240, 'Peyush', 1, 1, 6.0, 4.0, NULL),
  (241, 'Namita', 1, 1, 17.66, 0.33, NULL),
  (241, 'Vineeta', 1, 1, 17.66, 0.33, NULL),
  (241, 'Anupam', 1, 0, NULL, NULL, NULL),
  (241, 'Aman', 1, 1, 17.66, 0.33, NULL),
  (241, 'Peyush', 1, 1, 53.0, 1.0, NULL),
  (242, 'Namita', 1, 0, NULL, NULL, NULL),
  (242, 'Vineeta', 1, 0, NULL, NULL, NULL),
  (242, 'Anupam', 1, 0, NULL, NULL, NULL),
  (242, 'Aman', 1, 0, NULL, NULL, NULL),
  (242, 'Peyush', 1, 0, NULL, NULL, NULL),
  (243, 'Namita', 1, 0, NULL, NULL, NULL),
  (243, 'Vineeta', 1, 0, NULL, NULL, NULL),
  (243, 'Anupam', 1, 0, NULL, NULL, NULL),
  (243, 'Aman', 1, 1, 90.0, 1.0, NULL),
  (243, 'Peyush', 1, 0, NULL, NULL, NULL),
  (244, 'Namita', 1, 0, NULL, NULL, NULL),
  (244, 'Vineeta', 1, 0, NULL, NULL, NULL),
  (244, 'Anupam', 1, 1, 0.0, 0.166, NULL),
  (244, 'Aman', 1, 1, 0.0, 0.166, NULL),
  (244, 'Peyush', 1, 1, 0.0, 0.166, NULL),
  (245, 'Namita', 1, 0, NULL, NULL, NULL),
  (245, 'Vineeta', 1, 0, NULL, NULL, NULL),
  (245, 'Anupam', 1, 0, NULL, NULL, NULL),
  (245, 'Aman', 1, 0, NULL, NULL, NULL),
  (245, 'Peyush', 1, 0, NULL, NULL, NULL),
  (246, 'Namita', 1, 0, NULL, NULL, NULL),
  (246, 'Vineeta', 1, 0, NULL, NULL, NULL),
  (246, 'Anupam', 1, 0, NULL, NULL, NULL),
  (246, 'Aman', 1, 0, NULL, NULL, NULL),
  (246, 'Peyush', 1, 0, NULL, NULL, NULL),
  (247, 'Namita', 1, 1, 40.0, 10.0, NULL),
  (247, 'Vineeta', 1, 0, NULL, NULL, NULL),
  (247, 'Anupam', 1, 0, NULL, NULL, NULL),
  (247, 'Aman', 1, 0, NULL, NULL, NULL),
  (247, 'Peyush', 1, 0, NULL, NULL, NULL),
  (248, 'Namita', 1, 0, NULL, NULL, NULL),
  (248, 'Vineeta', 1, 0, NULL, NULL, NULL),
  (248, 'Anupam', 1, 0, NULL, NULL, NULL),
  (248, 'Aman', 1, 0, NULL, NULL, NULL),
  (248, 'Peyush', 1, 0, NULL, NULL, NULL),
  (249, 'Namita', 1, 1, 10.0, 5.0, 40.0),
  (249, 'Vineeta', 1, 0, NULL, NULL, NULL),
  (249, 'Anupam', 1, 0, NULL, NULL, NULL),
  (249, 'Aman', 1, 0, NULL, NULL, NULL),
  (249, 'Peyush', 1, 0, NULL, NULL, NULL),
  (250, 'Namita', 1, 0, NULL, NULL, NULL),
  (250, 'Vineeta', 1, 0, NULL, NULL, NULL),
  (250, 'Anupam', 1, 1, 50.0, 7.0, 20.0),
  (250, 'Aman', 1, 0, NULL, NULL, NULL),
  (250, 'Peyush', 1, 0, NULL, NULL, NULL),
  (251, 'Namita', 1, 1, 50.0, 5.0, 100.0),
  (251, 'Vineeta', 1, 0, NULL, NULL, NULL),
  (251, 'Anupam', 1, 0, NULL, NULL, NULL),
  (251, 'Aman', 1, 0, NULL, NULL, NULL),
  (251, 'Peyush', 1, 0, NULL, NULL, NULL),
  (252, 'Namita', 1, 0, NULL, NULL, NULL),
  (252, 'Vineeta', 1, 0, NULL, NULL, NULL),
  (252, 'Anupam', 1, 0, NULL, NULL, NULL),
  (252, 'Aman', 1, 0, NULL, NULL, NULL),
  (252, 'Peyush', 1, 0, NULL, NULL, NULL),
  (253, 'Namita', 1, 0, NULL, NULL, NULL),
  (253, 'Vineeta', 1, 0, NULL, NULL, NULL),
  (253, 'Anupam', 1, 0, NULL, NULL, NULL),
  (253, 'Aman', 1, 0, NULL, NULL, NULL),
  (253, 'Peyush', 1, 1, 10.0, 1.0, 60.0),
  (254, 'Namita', 1, 0, NULL, NULL, NULL),
  (254, 'Vineeta', 1, 0, NULL, NULL, NULL),
  (254, 'Anupam', 1, 0, NULL, NULL, NULL),
  (254, 'Aman', 1, 1, 25.0, 2.5, NULL),
  (254, 'Peyush', 1, 1, 25.0, 2.5, NULL),
  (255, 'Namita', 1, 0, NULL, NULL, NULL),
  (255, 'Vineeta', 1, 1, 50.0, 2.5, 20.0),
  (255, 'Anupam', 1, 0, NULL, NULL, NULL),
  (255, 'Aman', 1, 0, NULL, NULL, NULL),
  (255, 'Peyush', 1, 0, NULL, NULL, NULL),
  (256, 'Namita', 1, 1, 26.66, 0.833, NULL),
  (256, 'Vineeta', 1, 1, 26.66, 0.833, NULL),
  (256, 'Anupam', 1, 0, NULL, NULL, NULL),
  (256, 'Aman', 1, 0, NULL, NULL, NULL),
  (256, 'Peyush', 1, 1, 26.66, 0.833, NULL),
  (257, 'Namita', 1, 0, NULL, NULL, NULL),
  (257, 'Vineeta', 1, 0, NULL, NULL, NULL),
  (257, 'Anupam', 1, 0, NULL, NULL, NULL),
  (257, 'Aman', 1, 0, NULL, NULL, NULL),
  (257, 'Peyush', 1, 0, NULL, NULL, NULL),
  (258, 'Namita', 1, 0, NULL, NULL, NULL),
  (258, 'Vineeta', 1, 0, NULL, NULL, NULL),
  (258, 'Anupam', 1, 0, NULL, NULL, NULL),
  (258, 'Aman', 1, 0, NULL, NULL, NULL),
  (258, 'Peyush', 1, 1, 50.0, 10.0, NULL),
  (259, 'Namita', 1, 1, 66.66, 0.666, NULL),
  (259, 'Anupam', 1, 0, NULL, NULL, NULL),
  (259, 'Aman', 1, 1, 66.66, 0.666, NULL),
  (259, 'Peyush', 1, 1, 66.66, 0.666, NULL),
  (259, 'Amit', 1, 0, NULL, NULL, NULL),
  (260, 'Namita', 1, 0, NULL, NULL, NULL),
  (260, 'Anupam', 1, 0, NULL, NULL, NULL),
  (260, 'Aman', 1, 0, NULL, NULL, NULL),
  (260, 'Peyush', 1, 0, NULL, NULL, NULL),
  (260, 'Amit', 1, 1, 25.0, 20.0, NULL),
  (261, 'Namita', 1, 0, NULL, NULL, NULL),
  (261, 'Anupam', 1, 0, NULL, NULL, NULL),
  (261, 'Aman', 1, 0, NULL, NULL, NULL),
  (261, 'Peyush', 1, 0, NULL, NULL, NULL),
  (261, 'Amit', 1, 0, NULL, NULL, NULL),
  (262, 'Namita', 1, 0, NULL, NULL, NULL),
  (262, 'Anupam', 1, 0, NULL, NULL, NULL),
  (262, 'Aman', 1, 0, NULL, NULL, NULL),
  (262, 'Peyush', 1, 0, NULL, NULL, NULL),
  (262, 'Amit', 1, 0, NULL, NULL, NULL),
  (263, 'Namita', 1, 0, NULL, NULL, NULL),
  (263, 'Vineeta', 1, 0, NULL, NULL, NULL),
  (263, 'Anupam', 1, 0, NULL, NULL, NULL),
  (263, 'Aman', 1, 1, 50.0, 2.7, NULL),
  (263, 'Peyush', 1, 1, 50.0, 2.7, NULL),
  (264, 'Namita', 1, 0, NULL, NULL, NULL),
  (264, 'Vineeta', 1, 0, NULL, NULL, NULL),
  (264, 'Anupam', 1, 0, NULL, NULL, NULL),
  (264, 'Aman', 1, 0, NULL, NULL, NULL),
  (264, 'Peyush', 1, 0, NULL, NULL, NULL),
  (265, 'Namita', 1, 1, 45.0, 25.0, NULL),
  (265, 'Vineeta', 1, 0, NULL, NULL, NULL),
  (265, 'Anupam', 1, 0, NULL, NULL, NULL),
  (265, 'Aman', 1, 0, NULL, NULL, NULL),
  (265, 'Peyush', 1, 0, NULL, NULL, NULL),
  (266, 'Namita', 1, 0, NULL, NULL, NULL),
  (266, 'Anupam', 1, 0, NULL, NULL, NULL),
  (266, 'Aman', 1, 0, NULL, NULL, NULL),
  (266, 'Peyush', 1, 0, NULL, NULL, NULL),
  (266, 'Amit', 1, 0, NULL, NULL, NULL),
  (267, 'Namita', 1, 0, NULL, NULL, NULL),
  (267, 'Anupam', 1, 0, NULL, NULL, NULL),
  (267, 'Aman', 1, 0, NULL, NULL, NULL),
  (267, 'Peyush', 1, 0, NULL, NULL, NULL),
  (267, 'Amit', 1, 1, 50.0, 2.5, NULL),
  (268, 'Namita', 1, 0, NULL, NULL, NULL),
  (268, 'Anupam', 1, 0, NULL, NULL, NULL),
  (268, 'Aman', 1, 1, 25.0, 1.5, NULL),
  (268, 'Peyush', 1, 1, 25.0, 1.5, NULL),
  (268, 'Amit', 1, 0, NULL, NULL, NULL),
  (269, 'Namita', 1, 0, NULL, NULL, NULL),
  (269, 'Anupam', 1, 0, NULL, NULL, NULL),
  (269, 'Aman', 1, 0, NULL, NULL, NULL),
  (269, 'Peyush', 1, 0, NULL, NULL, NULL),
  (269, 'Amit', 1, 0, NULL, NULL, NULL),
  (270, 'Namita', 1, 0, NULL, NULL, NULL),
  (270, 'Anupam', 1, 0, NULL, NULL, NULL),
  (270, 'Aman', 1, 0, NULL, NULL, NULL),
  (270, 'Peyush', 1, 0, NULL, NULL, NULL),
  (270, 'Amit', 1, 0, NULL, NULL, NULL),
  (271, 'Namita', 1, 0, NULL, NULL, NULL),
  (271, 'Anupam', 1, 0, NULL, NULL, NULL),
  (271, 'Aman', 1, 0, NULL, NULL, NULL),
  (271, 'Peyush', 1, 0, NULL, NULL, NULL),
  (271, 'Amit', 1, 0, NULL, NULL, NULL),
  (272, 'Namita', 1, 0, NULL, NULL, NULL),
  (272, 'Anupam', 1, 0, NULL, NULL, NULL),
  (272, 'Aman', 1, 1, 33.5, 1.5, NULL),
  (272, 'Peyush', 1, 0, NULL, NULL, NULL),
  (272, 'Amit', 1, 1, 33.5, 1.5, NULL),
  (273, 'Namita', 1, 0, NULL, NULL, NULL),
  (273, 'Anupam', 1, 0, NULL, NULL, NULL),
  (273, 'Aman', 1, 0, NULL, NULL, NULL),
  (273, 'Peyush', 1, 0, NULL, NULL, NULL),
  (273, 'Amit', 1, 0, NULL, NULL, NULL),
  (274, 'Namita', 1, 1, 16.66, 1.1666, NULL),
  (274, 'Anupam', 1, 0, NULL, NULL, NULL),
  (274, 'Aman', 1, 1, 16.66, 1.1666, NULL),
  (274, 'Peyush', 1, 0, NULL, NULL, NULL),
  (274, 'Amit', 1, 1, 16.66, 1.1666, NULL),
  (275, 'Namita', 1, 1, 40.0, 1.0, NULL),
  (275, 'Anupam', 1, 1, 40.0, 1.0, NULL),
  (275, 'Aman', 1, 1, 40.0, 1.0, NULL),
  (275, 'Peyush', 1, 1, 40.0, 1.0, NULL),
  (275, 'Amit', 1, 1, 40.0, 1.0, NULL),
  (276, 'Namita', 1, 0, NULL, NULL, NULL),
  (276, 'Anupam', 1, 0, NULL, NULL, NULL),
  (276, 'Aman', 1, 0, NULL, NULL, NULL),
  (276, 'Peyush', 1, 0, NULL, NULL, NULL),
  (276, 'Amit', 1, 0, NULL, NULL, NULL),
  (277, 'Namita', 1, 0, NULL, NULL, NULL),
  (277, 'Anupam', 1, 0, NULL, NULL, NULL),
  (277, 'Aman', 1, 0, NULL, NULL, NULL),
  (277, 'Peyush', 1, 0, NULL, NULL, NULL),
  (277, 'Amit', 1, 0, NULL, NULL, NULL),
  (278, 'Namita', 1, 0, NULL, NULL, NULL),
  (278, 'Anupam', 1, 0, NULL, NULL, NULL),
  (278, 'Aman', 1, 1, 30.0, 0.27, 30.0),
  (278, 'Peyush', 1, 1, 30.0, 0.27, 30.0),
  (278, 'Amit', 1, 0, NULL, NULL, NULL),
  (279, 'Namita', 1, 0, NULL, NULL, NULL),
  (279, 'Anupam', 1, 0, NULL, NULL, NULL),
  (279, 'Aman', 1, 0, NULL, NULL, NULL),
  (279, 'Peyush', 1, 0, NULL, NULL, NULL),
  (279, 'Amit', 1, 0, NULL, NULL, NULL),
  (280, 'Namita', 1, 1, 25.0, 0.5, 25.0),
  (280, 'Anupam', 1, 0, NULL, NULL, NULL),
  (280, 'Aman', 1, 0, NULL, NULL, NULL),
  (280, 'Peyush', 1, 1, 25.0, 0.5, 25.0),
  (280, 'Amit', 1, 0, NULL, NULL, NULL),
  (281, 'Namita', 1, 0, NULL, NULL, NULL),
  (281, 'Vineeta', 1, 0, NULL, NULL, NULL),
  (281, 'Anupam', 1, 0, NULL, NULL, NULL),
  (281, 'Aman', 1, 0, NULL, NULL, NULL),
  (281, 'Peyush', 1, 0, NULL, NULL, NULL),
  (282, 'Namita', 1, 0, NULL, NULL, NULL),
  (282, 'Vineeta', 1, 1, 37.5, 0.5, NULL),
  (282, 'Anupam', 1, 1, 37.5, 0.5, NULL),
  (282, 'Aman', 1, 1, 37.5, 0.5, NULL),
  (282, 'Peyush', 1, 1, 37.5, 0.5, NULL),
  (283, 'Namita', 1, 0, NULL, NULL, NULL),
  (283, 'Vineeta', 1, 0, NULL, NULL, NULL),
  (283, 'Anupam', 1, 0, NULL, NULL, NULL),
  (283, 'Aman', 1, 1, 80.0, 2.0, 70.0),
  (283, 'Peyush', 1, 0, NULL, NULL, NULL),
  (284, 'Namita', 1, 0, NULL, NULL, NULL),
  (284, 'Vineeta', 1, 1, 20.0, 1.586, NULL),
  (284, 'Anupam', 1, 1, 20.0, 1.586, NULL),
  (284, 'Aman', 1, 1, 20.0, 1.586, NULL),
  (284, 'Peyush', 1, 0, NULL, NULL, NULL),
  (285, 'Namita', 1, 0, NULL, NULL, NULL),
  (285, 'Anupam', 1, 0, NULL, NULL, NULL),
  (285, 'Aman', 1, 0, NULL, NULL, NULL),
  (285, 'Peyush', 1, 0, NULL, NULL, NULL),
  (285, 'Amit', 1, 0, NULL, NULL, NULL),
  (286, 'Namita', 1, 0, NULL, NULL, NULL),
  (286, 'Anupam', 1, 0, NULL, NULL, NULL),
  (286, 'Aman', 1, 0, NULL, NULL, NULL),
  (286, 'Peyush', 1, 0, NULL, NULL, NULL),
  (286, 'Amit', 1, 0, NULL, NULL, NULL),
  (287, 'Namita', 1, 0, NULL, NULL, NULL),
  (287, 'Anupam', 1, 0, NULL, NULL, NULL),
  (287, 'Aman', 1, 0, NULL, NULL, NULL),
  (287, 'Peyush', 1, 0, NULL, NULL, NULL),
  (287, 'Amit', 1, 0, NULL, NULL, NULL),
  (288, 'Namita', 1, 0, NULL, NULL, NULL),
  (288, 'Anupam', 1, 0, NULL, NULL, NULL),
  (288, 'Aman', 1, 0, NULL, NULL, NULL),
  (288, 'Peyush', 1, 0, NULL, NULL, NULL),
  (288, 'Amit', 1, 0, NULL, NULL, NULL),
  (289, 'Namita', 1, 0, NULL, NULL, NULL),
  (289, 'Anupam', 1, 0, NULL, NULL, NULL),
  (289, 'Aman', 1, 0, NULL, NULL, NULL),
  (289, 'Peyush', 1, 0, NULL, NULL, NULL),
  (289, 'Amit', 1, 0, NULL, NULL, NULL),
  (290, 'Namita', 1, 1, 25.0, 2.08, NULL),
  (290, 'Anupam', 1, 0, NULL, NULL, NULL),
  (290, 'Aman', 1, 0, NULL, NULL, NULL),
  (290, 'Peyush', 1, 0, NULL, NULL, NULL),
  (290, 'Amit', 1, 1, 25.0, 2.08, NULL),
  (291, 'Namita', 1, 0, NULL, NULL, NULL),
  (291, 'Anupam', 1, 0, NULL, NULL, NULL),
  (291, 'Aman', 1, 0, NULL, NULL, NULL),
  (291, 'Peyush', 1, 0, NULL, NULL, NULL),
  (291, 'Amit', 1, 1, 15.0, 1.5, 45.0),
  (292, 'Namita', 1, 0, NULL, NULL, NULL),
  (292, 'Anupam', 1, 0, NULL, NULL, NULL),
  (292, 'Aman', 1, 0, NULL, NULL, NULL),
  (292, 'Peyush', 1, 0, NULL, NULL, NULL),
  (292, 'Amit', 1, 0, NULL, NULL, NULL),
  (293, 'Namita', 1, 0, NULL, NULL, NULL),
  (293, 'Vineeta', 1, 1, 50.0, 6.5, NULL),
  (293, 'Anupam', 1, 0, NULL, NULL, NULL),
  (293, 'Aman', 1, 0, NULL, NULL, NULL),
  (293, 'Peyush', 1, 0, NULL, NULL, NULL),
  (294, 'Namita', 1, 0, NULL, NULL, NULL),
  (294, 'Vineeta', 1, 0, NULL, NULL, NULL),
  (294, 'Anupam', 1, 0, NULL, NULL, NULL),
  (294, 'Aman', 1, 0, NULL, NULL, NULL),
  (294, 'Peyush', 1, 0, NULL, NULL, NULL),
  (295, 'Namita', 1, 1, 75.0, 15.0, NULL),
  (295, 'Vineeta', 1, 0, NULL, NULL, NULL),
  (295, 'Anupam', 1, 0, NULL, NULL, NULL),
  (295, 'Aman', 1, 0, NULL, NULL, NULL),
  (295, 'Peyush', 1, 0, NULL, NULL, NULL),
  (296, 'Namita', 1, 0, NULL, NULL, NULL),
  (296, 'Vineeta', 1, 0, NULL, NULL, NULL),
  (296, 'Anupam', 1, 0, NULL, NULL, NULL),
  (296, 'Aman', 1, 0, NULL, NULL, NULL),
  (296, 'Peyush', 1, 0, NULL, NULL, NULL),
  (297, 'Namita', 1, 0, NULL, NULL, NULL),
  (297, 'Vineeta', 1, 1, 50.0, 10.0, 50.0),
  (297, 'Anupam', 1, 0, NULL, NULL, NULL),
  (297, 'Aman', 1, 0, NULL, NULL, NULL),
  (297, 'Peyush', 1, 0, NULL, NULL, NULL),
  (298, 'Namita', 1, 1, 20.0, 1.0, 30.0),
  (298, 'Vineeta', 1, 0, NULL, NULL, NULL),
  (298, 'Anupam', 1, 0, NULL, NULL, NULL),
  (298, 'Aman', 1, 0, NULL, NULL, NULL),
  (298, 'Peyush', 1, 0, NULL, NULL, NULL),
  (299, 'Namita', 1, 0, NULL, NULL, NULL),
  (299, 'Vineeta', 1, 0, NULL, NULL, NULL),
  (299, 'Anupam', 1, 0, NULL, NULL, NULL),
  (299, 'Aman', 1, 0, NULL, NULL, NULL),
  (299, 'Peyush', 1, 1, 50.0, 10.0, NULL),
  (300, 'Namita', 1, 0, NULL, NULL, NULL),
  (300, 'Vineeta', 1, 0, NULL, NULL, NULL),
  (300, 'Anupam', 1, 0, NULL, NULL, NULL),
  (300, 'Aman', 1, 0, NULL, NULL, NULL),
  (300, 'Peyush', 1, 0, NULL, NULL, NULL),
  (301, 'Namita', 1, 1, 25.0, 1.25, NULL),
  (301, 'Vineeta', 1, 1, 25.0, 1.25, NULL),
  (301, 'Anupam', 1, 0, NULL, NULL, NULL),
  (301, 'Aman', 1, 1, 25.0, 1.25, NULL),
  (301, 'Peyush', 1, 0, NULL, NULL, NULL),
  (302, 'Namita', 1, 0, NULL, NULL, NULL),
  (302, 'Vineeta', 1, 0, NULL, NULL, NULL),
  (302, 'Anupam', 1, 0, NULL, NULL, NULL),
  (302, 'Aman', 1, 0, NULL, NULL, NULL),
  (302, 'Peyush', 1, 0, NULL, NULL, NULL),
  (303, 'Namita', 1, 0, NULL, NULL, NULL),
  (303, 'Vineeta', 1, 0, NULL, NULL, NULL),
  (303, 'Anupam', 1, 0, NULL, NULL, NULL),
  (303, 'Aman', 1, 0, NULL, NULL, NULL),
  (303, 'Peyush', 1, 0, NULL, NULL, NULL),
  (304, 'Namita', 1, 0, NULL, NULL, NULL),
  (304, 'Vineeta', 1, 0, NULL, NULL, NULL),
  (304, 'Anupam', 1, 0, NULL, NULL, NULL),
  (304, 'Aman', 1, 0, NULL, NULL, NULL),
  (304, 'Amit', 1, 0, NULL, NULL, NULL),
  (305, 'Namita', 1, 1, 50.0, 5.0, NULL),
  (305, 'Vineeta', 1, 0, NULL, NULL, NULL),
  (305, 'Anupam', 1, 0, NULL, NULL, NULL),
  (305, 'Aman', 1, 0, NULL, NULL, NULL),
  (305, 'Amit', 1, 0, NULL, NULL, NULL),
  (306, 'Namita', 1, 0, NULL, NULL, NULL),
  (306, 'Vineeta', 1, 0, NULL, NULL, NULL),
  (306, 'Anupam', 1, 0, NULL, NULL, NULL),
  (306, 'Aman', 1, 0, NULL, NULL, NULL),
  (306, 'Amit', 1, 0, NULL, NULL, NULL),
  (307, 'Namita', 1, 1, 33.33, 0.333, 16.66),
  (307, 'Vineeta', 1, 1, 33.33, 0.333, 16.66),
  (307, 'Anupam', 1, 0, NULL, NULL, NULL),
  (307, 'Aman', 1, 1, 33.33, 0.333, 16.66),
  (307, 'Peyush', 1, 0, NULL, NULL, NULL),
  (307, 'Amit', 1, 0, NULL, NULL, NULL),
  (308, 'Namita', 1, 0, NULL, NULL, NULL),
  (308, 'Vineeta', 1, 0, NULL, NULL, NULL),
  (308, 'Anupam', 1, 0, NULL, NULL, NULL),
  (308, 'Aman', 1, 0, NULL, NULL, NULL),
  (308, 'Peyush', 1, 0, NULL, NULL, NULL),
  (308, 'Amit', 1, 0, NULL, NULL, NULL),
  (309, 'Namita', 1, 0, NULL, NULL, NULL),
  (309, 'Vineeta', 1, 0, NULL, NULL, NULL),
  (309, 'Anupam', 1, 0, NULL, NULL, NULL),
  (309, 'Aman', 1, 0, NULL, NULL, NULL),
  (309, 'Peyush', 1, 0, NULL, NULL, NULL),
  (309, 'Amit', 1, 0, NULL, NULL, NULL),
  (310, 'Namita', 1, 0, NULL, NULL, NULL),
  (310, 'Vineeta', 1, 0, NULL, NULL, NULL),
  (310, 'Anupam', 1, 0, NULL, NULL, NULL),
  (310, 'Aman', 1, 0, NULL, NULL, NULL),
  (310, 'Peyush', 1, 1, 50.0, 1.0, 50.0),
  (310, 'Amit', 1, 0, NULL, NULL, NULL),
  (311, 'Namita', 1, 1, 5.0, 5.0, NULL),
  (311, 'Vineeta', 1, 1, 5.0, 5.0, NULL),
  (311, 'Anupam', 1, 1, 5.0, 5.0, NULL),
  (311, 'Aman', 1, 0, NULL, NULL, NULL),
  (311, 'Peyush', 1, 0, NULL, NULL, NULL),
  (311, 'Amit', 1, 1, 5.0, 5.0, NULL),
  (312, 'Namita', 1, 1, 20.0, 2.0, NULL),
  (312, 'Vineeta', 1, 0, NULL, NULL, NULL),
  (312, 'Anupam', 1, 1, 20.0, 2.0, NULL),
  (312, 'Aman', 1, 1, 20.0, 2.0, NULL),
  (312, 'Peyush', 1, 1, 20.0, 2.0, NULL),
  (312, 'Amit', 1, 1, 20.0, 2.0, NULL),
  (313, 'Namita', 1, 0, NULL, NULL, NULL),
  (313, 'Vineeta', 1, 0, NULL, NULL, NULL),
  (313, 'Anupam', 1, 0, NULL, NULL, NULL),
  (313, 'Aman', 1, 0, NULL, NULL, NULL),
  (313, 'Peyush', 1, 0, NULL, NULL, NULL),
  (313, 'Amit', 1, 0, NULL, NULL, NULL),
  (314, 'Namita', 1, 0, NULL, NULL, NULL),
  (314, 'Vineeta', 1, 0, NULL, NULL, NULL),
  (314, 'Anupam', 1, 0, NULL, NULL, NULL),
  (314, 'Aman', 1, 0, NULL, NULL, NULL),
  (314, 'Peyush', 1, 0, NULL, NULL, NULL),
  (314, 'Amit', 1, 1, 10.0, 1.0, 65.0),
  (315, 'Namita', 1, 0, NULL, NULL, NULL),
  (315, 'Vineeta', 1, 0, NULL, NULL, NULL),
  (315, 'Anupam', 1, 0, NULL, NULL, NULL),
  (315, 'Aman', 1, 0, NULL, NULL, NULL),
  (315, 'Peyush', 1, 0, NULL, NULL, NULL),
  (315, 'Amit', 1, 1, 100.0, 2.0, NULL),
  (316, 'Namita', 1, 0, NULL, NULL, NULL),
  (316, 'Vineeta', 1, 0, NULL, NULL, NULL),
  (316, 'Anupam', 1, 0, NULL, NULL, NULL),
  (316, 'Aman', 1, 0, NULL, NULL, NULL),
  (316, 'Peyush', 1, 0, NULL, NULL, NULL),
  (316, 'Amit', 1, 0, NULL, NULL, NULL),
  (317, 'Namita', 1, 0, NULL, NULL, NULL),
  (317, 'Vineeta', 1, 0, NULL, NULL, NULL),
  (317, 'Aman', 1, 0, NULL, NULL, NULL),
  (317, 'Amit', 1, 0, NULL, NULL, NULL),
  (318, 'Namita', 1, 0, NULL, NULL, NULL),
  (318, 'Vineeta', 1, 0, NULL, NULL, NULL),
  (318, 'Aman', 1, 1, 40.5, 0.5, 34.5),
  (318, 'Amit', 1, 0, NULL, NULL, NULL),
  (319, 'Namita', 1, 0, NULL, NULL, NULL),
  (319, 'Vineeta', 1, 1, 25.0, 2.5, 12.5),
  (319, 'Aman', 1, 0, NULL, NULL, NULL),
  (319, 'Amit', 1, 0, NULL, NULL, NULL),
  (320, 'Namita', 1, 0, NULL, NULL, NULL),
  (320, 'Vineeta', 1, 0, NULL, NULL, NULL),
  (320, 'Aman', 1, 0, NULL, NULL, NULL),
  (320, 'Amit', 1, 1, 80.0, 10.0, NULL),
  (321, 'Namita', 1, 0, NULL, NULL, NULL),
  (321, 'Vineeta', 1, 0, NULL, NULL, NULL),
  (321, 'Aman', 1, 0, NULL, NULL, NULL),
  (321, 'Amit', 1, 0, NULL, NULL, NULL),
  (322, 'Namita', 1, 0, NULL, NULL, NULL),
  (322, 'Vineeta', 1, 0, NULL, NULL, NULL),
  (322, 'Anupam', 1, 0, NULL, NULL, NULL),
  (322, 'Aman', 1, 0, NULL, NULL, NULL),
  (322, 'Amit', 1, 1, 100.0, 3.0, NULL),
  (323, 'Namita', 1, 0, NULL, NULL, NULL),
  (323, 'Vineeta', 1, 1, 100.0, 1.0, NULL),
  (323, 'Anupam', 1, 0, NULL, NULL, NULL),
  (323, 'Aman', 1, 0, NULL, NULL, NULL),
  (323, 'Amit', 1, 0, NULL, NULL, NULL),
  (324, 'Namita', 1, 0, NULL, NULL, NULL),
  (324, 'Vineeta', 1, 0, NULL, NULL, NULL),
  (324, 'Anupam', 1, 0, NULL, NULL, NULL),
  (324, 'Aman', 1, 0, NULL, NULL, NULL),
  (324, 'Amit', 1, 0, NULL, NULL, NULL),
  (325, 'Namita', 1, 0, NULL, NULL, NULL),
  (325, 'Vineeta', 1, 0, NULL, NULL, NULL),
  (325, 'Anupam', 1, 0, NULL, NULL, NULL),
  (325, 'Aman', 1, 1, 60.0, 5.0, NULL),
  (326, 'Namita', 1, 0, NULL, NULL, NULL),
  (326, 'Vineeta', 1, 0, NULL, NULL, NULL),
  (326, 'Anupam', 1, 0, NULL, NULL, NULL),
  (326, 'Aman', 1, 0, NULL, NULL, NULL),
  (327, 'Namita', 1, 0, NULL, NULL, NULL),
  (327, 'Vineeta', 1, 0, NULL, NULL, NULL),
  (327, 'Anupam', 1, 0, NULL, NULL, NULL),
  (327, 'Aman', 1, 1, 150.0, 2.0, NULL),
  (328, 'Vineeta', 1, 1, 10.0, 2.5, 15.0),
  (328, 'Anupam', 1, 0, NULL, NULL, NULL),
  (328, 'Aman', 1, 0, NULL, NULL, NULL),
  (328, 'Peyush', 1, 0, NULL, NULL, NULL),
  (328, 'Ritesh', 1, 1, 10.0, 2.5, 15.0),
  (329, 'Vineeta', 1, 0, NULL, NULL, NULL),
  (329, 'Anupam', 1, 0, NULL, NULL, NULL),
  (329, 'Aman', 1, 1, 40.0, 2.0, NULL),
  (329, 'Peyush', 1, 0, NULL, NULL, NULL),
  (329, 'Ritesh', 1, 1, 40.0, 2.0, NULL),
  (330, 'Vineeta', 1, 0, NULL, NULL, NULL),
  (330, 'Anupam', 1, 0, NULL, NULL, NULL),
  (330, 'Aman', 1, 0, NULL, NULL, NULL),
  (330, 'Peyush', 1, 0, NULL, NULL, NULL),
  (330, 'Ritesh', 1, 0, NULL, NULL, NULL),
  (331, 'Vineeta', 1, 0, NULL, NULL, NULL),
  (331, 'Anupam', 1, 0, NULL, NULL, NULL),
  (331, 'Aman', 1, 0, NULL, NULL, NULL),
  (331, 'Peyush', 1, 0, NULL, NULL, NULL),
  (332, 'Vineeta', 1, 0, NULL, NULL, NULL),
  (332, 'Anupam', 1, 0, NULL, NULL, NULL),
  (332, 'Aman', 1, 0, NULL, NULL, NULL),
  (332, 'Peyush', 1, 1, 45.0, 0.75, NULL),
  (333, 'Vineeta', 1, 0, NULL, NULL, NULL),
  (333, 'Anupam', 1, 0, NULL, NULL, NULL),
  (333, 'Aman', 1, 0, NULL, NULL, NULL),
  (333, 'Peyush', 1, 0, NULL, NULL, NULL),
  (334, 'Vineeta', 1, 1, 50.0, 0.667, NULL),
  (334, 'Aman', 1, 0, NULL, NULL, NULL),
  (334, 'Peyush', 1, 1, 50.0, 0.667, NULL),
  (334, 'Ritesh', 1, 1, 50.0, 0.6675, NULL),
  (335, 'Vineeta', 1, 0, NULL, NULL, NULL),
  (335, 'Aman', 1, 1, 50.0, 1.25, NULL),
  (335, 'Peyush', 1, 1, 50.0, 1.25, NULL),
  (335, 'Ritesh', 1, 0, NULL, NULL, NULL),
  (336, 'Vineeta', 1, 0, NULL, NULL, NULL),
  (336, 'Aman', 1, 0, NULL, NULL, NULL),
  (336, 'Peyush', 1, 0, NULL, NULL, NULL),
  (336, 'Ritesh', 1, 0, NULL, NULL, NULL),
  (337, 'Namita', 1, 0, NULL, NULL, NULL),
  (337, 'Vineeta', 1, 0, NULL, NULL, NULL),
  (337, 'Anupam', 1, 0, NULL, NULL, NULL),
  (337, 'Aman', 1, 0, NULL, NULL, NULL),
  (337, 'Peyush', 1, 0, NULL, NULL, NULL),
  (338, 'Namita', 1, 1, 20.0, 2.0, NULL),
  (338, 'Vineeta', 1, 0, NULL, NULL, NULL),
  (338, 'Anupam', 1, 1, 20.0, 2.0, NULL),
  (338, 'Aman', 1, 0, NULL, NULL, NULL),
  (338, 'Peyush', 1, 1, 20.0, 2.0, NULL),
  (339, 'Namita', 1, 0, NULL, NULL, NULL),
  (339, 'Vineeta', 1, 0, NULL, NULL, NULL),
  (339, 'Anupam', 1, 0, NULL, NULL, NULL),
  (339, 'Aman', 1, 0, NULL, NULL, NULL),
  (339, 'Peyush', 1, 0, NULL, NULL, NULL),
  (340, 'Vineeta', 1, 0, NULL, NULL, NULL),
  (340, 'Anupam', 1, 0, NULL, NULL, NULL),
  (340, 'Aman', 1, 0, NULL, NULL, NULL),
  (340, 'Peyush', 1, 0, NULL, NULL, NULL),
  (340, 'Ritesh', 1, 0, NULL, NULL, NULL),
  (341, 'Vineeta', 1, 0, NULL, NULL, NULL),
  (341, 'Anupam', 1, 0, NULL, NULL, NULL),
  (341, 'Aman', 1, 1, 15.0, 2.0, NULL),
  (341, 'Peyush', 1, 1, 15.0, 2.0, NULL),
  (341, 'Ritesh', 1, 0, NULL, NULL, NULL),
  (342, 'Vineeta', 1, 0, NULL, NULL, NULL),
  (342, 'Anupam', 1, 0, NULL, NULL, NULL),
  (342, 'Aman', 1, 0, NULL, NULL, NULL),
  (342, 'Peyush', 1, 1, 250.0, 1.0, NULL),
  (342, 'Ritesh', 1, 0, NULL, NULL, NULL),
  (343, 'Namita', 1, 0, NULL, NULL, NULL),
  (343, 'Anupam', 1, 0, NULL, NULL, NULL),
  (343, 'Peyush', 1, 1, 25.0, 10.0, NULL),
  (343, 'Amit', 1, 1, 25.0, 10.0, NULL),
  (344, 'Namita', 1, 0, NULL, NULL, NULL),
  (344, 'Anupam', 1, 1, 75.0, 1.5, NULL),
  (344, 'Peyush', 1, 0, NULL, NULL, NULL),
  (344, 'Amit', 1, 0, NULL, NULL, NULL),
  (345, 'Namita', 1, 0, NULL, NULL, NULL),
  (345, 'Anupam', 1, 0, NULL, NULL, NULL),
  (345, 'Peyush', 1, 0, NULL, NULL, NULL),
  (345, 'Amit', 1, 0, NULL, NULL, NULL),
  (346, 'Namita', 1, 0, NULL, NULL, NULL),
  (346, 'Vineeta', 1, 0, NULL, NULL, NULL),
  (346, 'Anupam', 1, 0, NULL, NULL, NULL),
  (346, 'Aman', 1, 0, NULL, NULL, NULL),
  (347, 'Namita', 1, 0, NULL, NULL, NULL),
  (347, 'Vineeta', 1, 0, NULL, NULL, NULL),
  (347, 'Anupam', 1, 0, NULL, NULL, NULL),
  (347, 'Aman', 1, 0, NULL, NULL, NULL),
  (348, 'Namita', 1, 0, NULL, NULL, NULL),
  (348, 'Vineeta', 1, 0, NULL, NULL, NULL),
  (348, 'Anupam', 1, 0, NULL, NULL, NULL),
  (348, 'Aman', 1, 0, NULL, NULL, NULL),
  (349, 'Namita', 1, 0, NULL, NULL, NULL),
  (349, 'Vineeta', 1, 0, NULL, NULL, NULL),
  (349, 'Anupam', 1, 0, NULL, NULL, NULL),
  (349, 'Aman', 1, 0, NULL, NULL, NULL),
  (350, 'Namita', 1, 1, 50.0, 0.665, NULL),
  (350, 'Vineeta', 1, 1, 50.0, 0.665, NULL),
  (350, 'Anupam', 1, 0, NULL, NULL, NULL),
  (350, 'Aman', 1, 0, NULL, NULL, NULL),
  (351, 'Namita', 1, 0, NULL, NULL, NULL),
  (351, 'Vineeta', 1, 0, NULL, NULL, NULL),
  (351, 'Anupam', 1, 0, NULL, NULL, NULL),
  (351, 'Aman', 1, 1, 20.0, 1.0, 80.0),
  (352, 'Namita', 1, 0, NULL, NULL, NULL),
  (352, 'Vineeta', 1, 1, 20.0, 2.5, NULL),
  (352, 'Anupam', 1, 1, 20.0, 2.5, NULL),
  (352, 'Aman', 1, 1, 20.0, 2.5, NULL),
  (352, 'Ritesh', 1, 1, 20.0, 2.5, NULL),
  (353, 'Namita', 1, 1, 10.0, 0.6, NULL),
  (353, 'Vineeta', 1, 0, NULL, NULL, NULL),
  (353, 'Anupam', 1, 0, NULL, NULL, NULL),
  (353, 'Aman', 1, 1, 10.0, 0.6, NULL),
  (353, 'Ritesh', 1, 1, 10.0, 0.6, NULL),
  (354, 'Namita', 1, 0, NULL, NULL, NULL),
  (354, 'Vineeta', 1, 0, NULL, NULL, NULL),
  (354, 'Anupam', 1, 0, NULL, NULL, NULL),
  (354, 'Aman', 1, 0, NULL, NULL, NULL),
  (354, 'Ritesh', 1, 0, NULL, NULL, NULL),
  (355, 'Vineeta', 1, 0, NULL, NULL, NULL),
  (355, 'Anupam', 1, 1, 25.0, 1.0, NULL),
  (355, 'Aman', 1, 0, NULL, NULL, NULL),
  (355, 'Peyush', 1, 1, 25.0, 1.0, NULL),
  (355, 'Ritesh', 1, 1, 25.0, 1.0, NULL),
  (356, 'Vineeta', 1, 1, 35.0, 0.5, NULL),
  (356, 'Anupam', 1, 0, NULL, NULL, NULL),
  (356, 'Aman', 1, 1, 35.0, 0.5, NULL),
  (356, 'Peyush', 1, 0, NULL, NULL, NULL),
  (356, 'Ritesh', 1, 0, NULL, NULL, NULL),
  (357, 'Vineeta', 1, 0, NULL, NULL, NULL),
  (357, 'Anupam', 1, 0, NULL, NULL, NULL),
  (357, 'Aman', 1, 0, NULL, NULL, NULL),
  (357, 'Peyush', 1, 0, NULL, NULL, NULL),
  (357, 'Ritesh', 1, 0, NULL, NULL, NULL),
  (358, 'Vineeta', 1, 1, 40.0, 1.2, NULL),
  (358, 'Aman', 1, 1, 40.0, 1.2, NULL),
  (358, 'Peyush', 1, 1, 40.0, 1.2, NULL),
  (358, 'Ritesh', 1, 1, 40.0, 1.2, NULL),
  (359, 'Vineeta', 1, 0, NULL, NULL, NULL),
  (359, 'Aman', 1, 0, NULL, NULL, NULL),
  (359, 'Peyush', 1, 0, NULL, NULL, NULL),
  (359, 'Ritesh', 1, 1, 36.0, 6.0, NULL),
  (360, 'Vineeta', 1, 0, NULL, NULL, NULL),
  (360, 'Aman', 1, 0, NULL, NULL, NULL),
  (360, 'Peyush', 1, 0, NULL, NULL, NULL),
  (360, 'Ritesh', 1, 0, NULL, NULL, NULL),
  (361, 'Namita', 1, 0, NULL, NULL, NULL),
  (361, 'Vineeta', 1, 0, NULL, NULL, NULL),
  (361, 'Anupam', 1, 1, 25.0, 1.15, NULL),
  (361, 'Aman', 1, 1, 25.0, 1.15, NULL),
  (361, 'Amit', 1, 0, NULL, NULL, NULL),
  (362, 'Namita', 1, 0, NULL, NULL, NULL),
  (362, 'Vineeta', 1, 0, NULL, NULL, NULL),
  (362, 'Anupam', 1, 0, NULL, NULL, NULL),
  (362, 'Aman', 1, 0, NULL, NULL, NULL),
  (362, 'Amit', 1, 0, NULL, NULL, NULL),
  (363, 'Namita', 1, 0, NULL, NULL, NULL),
  (363, 'Vineeta', 1, 0, NULL, NULL, NULL),
  (363, 'Anupam', 1, 1, 100.0, 2.25, NULL),
  (363, 'Aman', 1, 0, NULL, NULL, NULL),
  (363, 'Amit', 1, 0, NULL, NULL, NULL),
  (364, 'Namita', 1, 0, NULL, NULL, NULL),
  (364, 'Vineeta', 1, 1, 30.0, 3.75, NULL),
  (364, 'Anupam', 1, 1, 30.0, 3.75, NULL),
  (364, 'Aman', 1, 0, NULL, NULL, NULL),
  (364, 'Ritesh', 1, 0, NULL, NULL, NULL),
  (365, 'Namita', 1, 0, NULL, NULL, NULL),
  (365, 'Vineeta', 1, 0, NULL, NULL, NULL),
  (365, 'Anupam', 1, 0, NULL, NULL, NULL),
  (365, 'Aman', 1, 0, NULL, NULL, NULL),
  (365, 'Ritesh', 1, 0, NULL, NULL, NULL),
  (366, 'Namita', 1, 1, 60.0, 0.3, NULL),
  (366, 'Vineeta', 1, 1, 60.0, 0.3, NULL),
  (366, 'Anupam', 1, 1, 60.0, 0.3, NULL),
  (366, 'Aman', 1, 1, 60.0, 0.3, NULL),
  (366, 'Ritesh', 1, 1, 60.0, 0.3, NULL),
  (367, 'Anupam', 1, 0, NULL, NULL, NULL),
  (367, 'Aman', 1, 0, NULL, NULL, NULL),
  (367, 'Peyush', 1, 0, NULL, NULL, NULL),
  (368, 'Anupam', 1, 0, NULL, NULL, NULL),
  (368, 'Aman', 1, 0, NULL, NULL, NULL),
  (368, 'Peyush', 1, 1, 37.5, 1.5, NULL),
  (369, 'Anupam', 1, 0, NULL, NULL, NULL),
  (369, 'Aman', 1, 0, NULL, NULL, NULL),
  (369, 'Peyush', 1, 1, 30.0, 3.0, NULL),
  (370, 'Namita', 1, 0, NULL, NULL, NULL),
  (370, 'Vineeta', 1, 0, NULL, NULL, NULL),
  (370, 'Anupam', 1, 0, NULL, NULL, NULL),
  (370, 'Aman', 1, 1, 10.0, 10.0, 40.0),
  (370, 'Amit', 1, 0, NULL, NULL, NULL),
  (371, 'Namita', 1, 0, NULL, NULL, NULL),
  (371, 'Vineeta', 1, 0, NULL, NULL, NULL),
  (371, 'Anupam', 1, 0, NULL, NULL, NULL),
  (371, 'Aman', 1, 0, NULL, NULL, NULL),
  (371, 'Amit', 1, 0, NULL, NULL, NULL),
  (372, 'Namita', 1, 0, NULL, NULL, NULL),
  (372, 'Vineeta', 1, 0, NULL, NULL, NULL),
  (372, 'Anupam', 1, 0, NULL, NULL, NULL),
  (372, 'Aman', 1, 0, NULL, NULL, NULL),
  (372, 'Amit', 1, 0, NULL, NULL, NULL),
  (373, 'Namita', 1, 0, NULL, NULL, NULL),
  (373, 'Vineeta', 1, 0, NULL, NULL, NULL),
  (373, 'Anupam', 1, 0, NULL, NULL, NULL),
  (373, 'Aman', 1, 1, 25.0, 1.0, NULL),
  (373, 'Amit', 1, 0, NULL, NULL, NULL),
  (374, 'Namita', 1, 0, NULL, NULL, NULL),
  (374, 'Vineeta', 1, 0, NULL, NULL, NULL),
  (374, 'Anupam', 1, 0, NULL, NULL, NULL),
  (374, 'Aman', 1, 0, NULL, NULL, NULL),
  (374, 'Amit', 1, 0, NULL, NULL, NULL),
  (375, 'Namita', 1, 0, NULL, NULL, NULL),
  (375, 'Vineeta', 1, 0, NULL, NULL, NULL),
  (375, 'Anupam', 1, 0, NULL, NULL, NULL),
  (375, 'Aman', 1, 0, NULL, NULL, NULL),
  (375, 'Amit', 1, 0, NULL, NULL, NULL),
  (376, 'Vineeta', 1, 1, 37.5, 0.5, NULL),
  (376, 'Aman', 1, 1, 37.5, 0.5, NULL),
  (376, 'Peyush', 1, 1, 37.5, 0.5, NULL),
  (376, 'Ritesh', 1, 1, 37.5, 0.5, NULL),
  (377, 'Vineeta', 1, 0, NULL, NULL, NULL),
  (377, 'Aman', 1, 0, NULL, NULL, NULL),
  (377, 'Peyush', 1, 0, NULL, NULL, NULL),
  (377, 'Ritesh', 1, 0, NULL, NULL, NULL),
  (378, 'Vineeta', 1, 0, NULL, NULL, NULL),
  (378, 'Aman', 1, 0, NULL, NULL, NULL),
  (378, 'Peyush', 1, 0, NULL, NULL, NULL),
  (378, 'Ritesh', 1, 1, 35.0, 2.33, 25.0),
  (379, 'Vineeta', 1, 1, 40.0, 2.0, NULL),
  (379, 'Anupam', 1, 0, NULL, NULL, NULL),
  (379, 'Aman', 1, 0, NULL, NULL, NULL),
  (379, 'Peyush', 1, 1, 40.0, 2.0, NULL),
  (380, 'Vineeta', 1, 1, 100.0, 1.0, NULL),
  (380, 'Anupam', 1, 0, NULL, NULL, NULL),
  (380, 'Aman', 1, 0, NULL, NULL, NULL),
  (380, 'Peyush', 1, 0, NULL, NULL, NULL),
  (381, 'Vineeta', 1, 0, NULL, NULL, NULL),
  (381, 'Anupam', 1, 0, NULL, NULL, NULL),
  (381, 'Aman', 1, 0, NULL, NULL, NULL),
  (381, 'Peyush', 1, 0, NULL, NULL, NULL),
  (382, 'Namita', 1, 1, 10.0, 4.0, NULL),
  (382, 'Anupam', 1, 0, NULL, NULL, NULL),
  (382, 'Peyush', 1, 1, 10.0, 4.0, NULL),
  (382, 'Amit', 1, 1, 10.0, 4.0, NULL),
  (383, 'Namita', 1, 0, NULL, NULL, NULL),
  (383, 'Anupam', 1, 0, NULL, NULL, NULL),
  (383, 'Peyush', 1, 0, NULL, NULL, NULL),
  (383, 'Amit', 1, 0, NULL, NULL, NULL),
  (384, 'Namita', 1, 0, NULL, NULL, NULL),
  (384, 'Anupam', 1, 0, NULL, NULL, NULL),
  (384, 'Peyush', 1, 0, NULL, NULL, NULL),
  (384, 'Amit', 1, 0, NULL, NULL, NULL),
  (385, 'Namita', 1, 1, 40.0, 1.0, NULL),
  (385, 'Vineeta', 1, 1, 40.0, 1.0, NULL),
  (385, 'Anupam', 1, 0, NULL, NULL, NULL),
  (385, 'Aman', 1, 0, NULL, NULL, NULL),
  (385, 'Amit', 1, 0, NULL, NULL, NULL),
  (386, 'Namita', 1, 0, NULL, NULL, NULL),
  (386, 'Vineeta', 1, 1, 66.66, 0.33, NULL),
  (386, 'Anupam', 1, 1, 66.66, 0.33, NULL),
  (386, 'Aman', 1, 0, NULL, NULL, NULL),
  (386, 'Amit', 1, 1, 66.66, 0.33, NULL),
  (387, 'Namita', 1, 0, NULL, NULL, NULL),
  (387, 'Vineeta', 1, 0, NULL, NULL, NULL),
  (387, 'Anupam', 1, 0, NULL, NULL, NULL),
  (387, 'Aman', 1, 0, NULL, NULL, NULL),
  (387, 'Amit', 1, 0, NULL, NULL, NULL),
  (388, 'Namita', 1, 0, NULL, NULL, NULL),
  (388, 'Vineeta', 1, 1, 50.0, 5.0, NULL),
  (388, 'Anupam', 1, 0, NULL, NULL, NULL),
  (388, 'Aman', 1, 0, NULL, NULL, NULL),
  (388, 'Peyush', 1, 0, NULL, NULL, NULL),
  (389, 'Namita', 1, 0, NULL, NULL, NULL),
  (389, 'Vineeta', 1, 0, NULL, NULL, NULL),
  (389, 'Anupam', 1, 0, NULL, NULL, NULL),
  (389, 'Aman', 1, 0, NULL, NULL, NULL),
  (389, 'Peyush', 1, 0, NULL, NULL, NULL),
  (390, 'Namita', 1, 0, NULL, NULL, NULL),
  (390, 'Vineeta', 1, 0, NULL, NULL, NULL),
  (390, 'Anupam', 1, 0, NULL, NULL, NULL),
  (390, 'Aman', 1, 0, NULL, NULL, NULL),
  (390, 'Peyush', 1, 0, NULL, NULL, NULL),
  (391, 'Namita', 1, 1, 30.0, 2.0, NULL),
  (391, 'Vineeta', 1, 0, NULL, NULL, NULL),
  (391, 'Anupam', 1, 0, NULL, NULL, NULL),
  (391, 'Aman', 1, 1, 30.0, 2.0, NULL),
  (391, 'Ritesh', 1, 0, NULL, NULL, NULL),
  (392, 'Namita', 1, 0, NULL, NULL, NULL),
  (392, 'Vineeta', 1, 0, NULL, NULL, NULL),
  (392, 'Anupam', 1, 0, NULL, NULL, NULL),
  (392, 'Aman', 1, 0, NULL, NULL, NULL),
  (392, 'Ritesh', 1, 0, NULL, NULL, NULL),
  (393, 'Namita', 1, 0, NULL, NULL, NULL),
  (393, 'Vineeta', 1, 0, NULL, NULL, NULL),
  (393, 'Anupam', 1, 0, NULL, NULL, NULL),
  (393, 'Aman', 1, 0, NULL, NULL, NULL),
  (393, 'Ritesh', 1, 0, NULL, NULL, NULL),
  (394, 'Vineeta', 1, 0, NULL, NULL, NULL),
  (394, 'Anupam', 1, 1, 20.0, 1.0, 25.0),
  (394, 'Aman', 1, 0, NULL, NULL, NULL),
  (395, 'Vineeta', 1, 0, NULL, NULL, NULL),
  (395, 'Anupam', 1, 0, NULL, NULL, NULL),
  (395, 'Aman', 1, 0, NULL, NULL, NULL),
  (396, 'Vineeta', 1, 0, NULL, NULL, NULL),
  (396, 'Anupam', 1, 0, NULL, NULL, NULL),
  (396, 'Aman', 1, 0, NULL, NULL, NULL),
  (397, 'Namita', 1, 0, NULL, NULL, NULL),
  (397, 'Anupam', 1, 1, 25.0, 1.25, NULL),
  (397, 'Peyush', 1, 1, 25.0, 1.25, NULL),
  (397, 'Amit', 1, 1, 25.0, 1.25, NULL),
  (398, 'Namita', 1, 1, 100.0, 1.0, NULL),
  (398, 'Anupam', 1, 0, NULL, NULL, NULL),
  (398, 'Peyush', 1, 0, NULL, NULL, NULL),
  (398, 'Amit', 1, 0, NULL, NULL, NULL),
  (399, 'Namita', 1, 0, NULL, NULL, NULL),
  (399, 'Anupam', 1, 0, NULL, NULL, NULL),
  (399, 'Peyush', 1, 0, NULL, NULL, NULL),
  (399, 'Amit', 1, 0, NULL, NULL, NULL),
  (400, 'Namita', 1, 0, NULL, NULL, NULL),
  (400, 'Vineeta', 1, 0, NULL, NULL, NULL),
  (400, 'Anupam', 1, 0, NULL, NULL, NULL),
  (400, 'Aman', 1, 0, NULL, NULL, NULL),
  (400, 'Peyush', 1, 1, 25.0, 25.0, NULL),
  (401, 'Namita', 1, 0, NULL, NULL, NULL),
  (401, 'Vineeta', 1, 0, NULL, NULL, NULL),
  (401, 'Anupam', 1, 0, NULL, NULL, NULL),
  (401, 'Aman', 1, 0, NULL, NULL, NULL),
  (401, 'Peyush', 1, 0, NULL, NULL, NULL),
  (402, 'Namita', 1, 1, 20.0, 1.0, NULL),
  (402, 'Vineeta', 1, 1, 20.0, 1.0, NULL),
  (402, 'Anupam', 1, 1, 20.0, 1.0, NULL),
  (402, 'Aman', 1, 0, NULL, NULL, NULL),
  (402, 'Peyush', 1, 0, NULL, NULL, NULL),
  (403, 'Namita', 1, 0, NULL, NULL, NULL),
  (403, 'Vineeta', 1, 0, NULL, NULL, NULL),
  (403, 'Anupam', 1, 0, NULL, NULL, NULL),
  (403, 'Aman', 1, 0, NULL, NULL, NULL),
  (403, 'Amit', 1, 0, NULL, NULL, NULL),
  (404, 'Namita', 1, 0, NULL, NULL, NULL),
  (404, 'Vineeta', 1, 1, 30.0, 2.5, NULL),
  (404, 'Anupam', 1, 0, NULL, NULL, NULL),
  (404, 'Aman', 1, 0, NULL, NULL, NULL),
  (404, 'Amit', 1, 1, 30.0, 2.5, NULL),
  (405, 'Namita', 1, 0, NULL, NULL, NULL),
  (405, 'Vineeta', 1, 0, NULL, NULL, NULL),
  (405, 'Anupam', 1, 0, NULL, NULL, NULL),
  (405, 'Aman', 1, 1, 50.0, 4.0, NULL),
  (405, 'Amit', 1, 0, NULL, NULL, NULL),
  (406, 'Namita', 1, 1, 30.0, 1.0, NULL),
  (406, 'Anupam', 1, 1, 30.0, 1.0, NULL),
  (406, 'Aman', 1, 1, 30.0, 1.0, NULL),
  (406, 'Ritesh', 1, 1, 30.0, 1.0, NULL),
  (406, 'Amit', 1, 0, NULL, NULL, NULL),
  (407, 'Namita', 1, 1, 75.0, 5.0, NULL),
  (407, 'Anupam', 1, 0, NULL, NULL, NULL),
  (407, 'Aman', 1, 0, NULL, NULL, NULL),
  (407, 'Ritesh', 1, 0, NULL, NULL, NULL),
  (407, 'Amit', 1, 0, NULL, NULL, NULL),
  (408, 'Namita', 1, 0, NULL, NULL, NULL),
  (408, 'Anupam', 1, 0, NULL, NULL, NULL),
  (408, 'Aman', 1, 0, NULL, NULL, NULL),
  (408, 'Ritesh', 1, 0, NULL, NULL, NULL),
  (408, 'Amit', 1, 0, NULL, NULL, NULL),
  (409, 'Namita', 1, 0, NULL, NULL, NULL),
  (409, 'Vineeta', 1, 0, NULL, NULL, NULL),
  (409, 'Anupam', 1, 1, 17.5, 0.25, 17.5),
  (409, 'Aman', 1, 1, 17.5, 0.25, 17.5),
  (409, 'Peyush', 1, 0, NULL, NULL, NULL),
  (410, 'Namita', 1, 0, NULL, NULL, NULL),
  (410, 'Vineeta', 1, 0, NULL, NULL, NULL),
  (410, 'Anupam', 1, 0, NULL, NULL, NULL),
  (410, 'Aman', 1, 0, NULL, NULL, NULL),
  (410, 'Peyush', 1, 0, NULL, NULL, NULL),
  (411, 'Namita', 1, 0, NULL, NULL, NULL),
  (411, 'Vineeta', 1, 0, NULL, NULL, NULL),
  (411, 'Anupam', 1, 0, NULL, NULL, NULL),
  (411, 'Aman', 1, 0, NULL, NULL, NULL),
  (411, 'Peyush', 1, 1, 75.0, 15.0, NULL),
  (412, 'Namita', 1, 0, NULL, NULL, NULL),
  (412, 'Anupam', 1, 1, 17.5, 3.0, NULL),
  (412, 'Aman', 1, 1, 17.5, 3.0, NULL),
  (412, 'Ritesh', 1, 0, NULL, NULL, NULL),
  (412, 'Amit', 1, 0, NULL, NULL, NULL),
  (413, 'Namita', 1, 0, NULL, NULL, NULL),
  (413, 'Anupam', 1, 1, 8.33, 3.33, NULL),
  (413, 'Aman', 1, 0, NULL, NULL, NULL),
  (413, 'Ritesh', 1, 1, 8.33, 3.33, NULL),
  (413, 'Amit', 1, 1, 8.33, 3.33, NULL),
  (414, 'Namita', 1, 0, NULL, NULL, NULL),
  (414, 'Anupam', 1, 0, NULL, NULL, NULL),
  (414, 'Aman', 1, 0, NULL, NULL, NULL),
  (414, 'Ritesh', 1, 0, NULL, NULL, NULL),
  (414, 'Amit', 1, 0, NULL, NULL, NULL),
  (415, 'Namita', 1, 0, NULL, NULL, NULL),
  (415, 'Anupam', 1, 0, NULL, NULL, NULL),
  (415, 'Aman', 1, 1, 30.0, 3.0, NULL),
  (415, 'Ritesh', 1, 0, NULL, NULL, NULL),
  (415, 'Amit', 1, 0, NULL, NULL, NULL),
  (416, 'Namita', 1, 0, NULL, NULL, NULL),
  (416, 'Anupam', 1, 0, NULL, NULL, NULL),
  (416, 'Aman', 1, 0, NULL, NULL, NULL),
  (416, 'Ritesh', 1, 0, NULL, NULL, NULL),
  (416, 'Amit', 1, 0, NULL, NULL, NULL),
  (417, 'Namita', 1, 0, NULL, NULL, NULL),
  (417, 'Anupam', 1, 0, NULL, NULL, NULL),
  (417, 'Aman', 1, 0, NULL, NULL, NULL),
  (417, 'Ritesh', 1, 1, 3.5, 5.0, NULL),
  (417, 'Amit', 1, 1, 3.5, 5.0, NULL),
  (418, 'Namita', 1, 0, NULL, NULL, NULL),
  (418, 'Vineeta', 1, 0, NULL, NULL, NULL),
  (418, 'Anupam', 1, 0, NULL, NULL, NULL),
  (418, 'Aman', 1, 0, NULL, NULL, NULL),
  (419, 'Namita', 1, 1, 25.0, 2.0, NULL),
  (419, 'Vineeta', 1, 0, NULL, NULL, NULL),
  (419, 'Anupam', 1, 0, NULL, NULL, NULL),
  (419, 'Aman', 1, 0, NULL, NULL, NULL),
  (420, 'Namita', 1, 0, NULL, NULL, NULL),
  (420, 'Vineeta', 1, 0, NULL, NULL, NULL),
  (420, 'Anupam', 1, 0, NULL, NULL, NULL),
  (420, 'Aman', 1, 0, NULL, NULL, NULL),
  (421, 'Vineeta', 1, 0, NULL, NULL, NULL),
  (421, 'Anupam', 1, 0, NULL, NULL, NULL),
  (421, 'Aman', 1, 0, NULL, NULL, NULL),
  (421, 'Peyush', 1, 0, NULL, NULL, NULL),
  (422, 'Vineeta', 1, 0, NULL, NULL, NULL),
  (422, 'Anupam', 1, 0, NULL, NULL, NULL),
  (422, 'Aman', 1, 1, 10.0, 5.0, 40.0),
  (422, 'Peyush', 1, 0, NULL, NULL, NULL),
  (423, 'Vineeta', 1, 0, NULL, NULL, NULL),
  (423, 'Anupam', 1, 0, NULL, NULL, NULL),
  (423, 'Aman', 1, 0, NULL, NULL, NULL),
  (423, 'Peyush', 1, 0, NULL, NULL, NULL),
  (424, 'Namita', 1, 1, 15.0, 0.5, NULL),
  (424, 'Vineeta', 1, 1, 15.0, 0.5, NULL),
  (424, 'Anupam', 1, 1, 15.0, 0.5, NULL),
  (424, 'Aman', 1, 1, 15.0, 0.5, NULL),
  (424, 'Amit', 1, 1, 15.0, 0.5, NULL),
  (425, 'Namita', 1, 0, NULL, NULL, NULL),
  (425, 'Vineeta', 1, 0, NULL, NULL, NULL),
  (425, 'Anupam', 1, 0, NULL, NULL, NULL),
  (425, 'Aman', 1, 0, NULL, NULL, NULL),
  (425, 'Amit', 1, 1, 60.0, 2.5, NULL),
  (426, 'Namita', 1, 0, NULL, NULL, NULL),
  (426, 'Vineeta', 1, 0, NULL, NULL, NULL),
  (426, 'Anupam', 1, 0, NULL, NULL, NULL),
  (426, 'Aman', 1, 0, NULL, NULL, NULL),
  (426, 'Amit', 1, 1, 10.0, 5.0, 40.0),
  (427, 'Vineeta', 1, 0, NULL, NULL, NULL),
  (427, 'Aman', 1, 0, NULL, NULL, NULL),
  (427, 'Peyush', 1, 0, NULL, NULL, NULL),
  (427, 'Ritesh', 1, 0, NULL, NULL, NULL),
  (428, 'Vineeta', 1, 0, NULL, NULL, NULL),
  (428, 'Aman', 1, 1, 25.0, 2.0, 41.66),
  (428, 'Peyush', 1, 0, NULL, NULL, NULL),
  (428, 'Ritesh', 1, 1, 25.0, 2.0, 41.66),
  (429, 'Vineeta', 1, 0, NULL, NULL, NULL),
  (429, 'Aman', 1, 1, 100.0, 10.0, NULL),
  (429, 'Peyush', 1, 0, NULL, NULL, NULL),
  (429, 'Ritesh', 1, 0, NULL, NULL, NULL),
  (430, 'Namita', 1, 1, 33.33, 0.5, NULL),
  (430, 'Anupam', 1, 0, NULL, NULL, NULL),
  (430, 'Aman', 1, 1, 33.33, 0.5, NULL),
  (430, 'Ritesh', 1, 1, 33.33, 0.5, NULL),
  (430, 'Amit', 1, 0, NULL, NULL, NULL),
  (431, 'Namita', 1, 0, NULL, NULL, NULL),
  (431, 'Anupam', 1, 0, NULL, NULL, NULL),
  (431, 'Aman', 1, 0, NULL, NULL, NULL),
  (431, 'Ritesh', 1, 0, NULL, NULL, NULL),
  (431, 'Amit', 1, 0, NULL, NULL, NULL),
  (432, 'Namita', 1, 0, NULL, NULL, NULL),
  (432, 'Anupam', 1, 0, NULL, NULL, NULL),
  (432, 'Aman', 1, 0, NULL, NULL, NULL),
  (432, 'Ritesh', 1, 0, NULL, NULL, NULL),
  (432, 'Amit', 1, 0, NULL, NULL, NULL),
  (433, 'Namita', 1, 0, NULL, NULL, NULL),
  (433, 'Vineeta', 1, 0, NULL, NULL, NULL),
  (433, 'Anupam', 1, 0, NULL, NULL, NULL),
  (433, 'Aman', 1, 0, NULL, NULL, NULL),
  (433, 'Amit', 1, 0, NULL, NULL, NULL),
  (434, 'Namita', 1, 0, NULL, NULL, NULL),
  (434, 'Vineeta', 1, 0, NULL, NULL, NULL),
  (434, 'Anupam', 1, 0, NULL, NULL, NULL),
  (434, 'Aman', 1, 0, NULL, NULL, NULL),
  (434, 'Amit', 1, 1, 40.0, 2.0, 40.0),
  (435, 'Namita', 1, 1, 50.0, 1.32, 50.0),
  (435, 'Vineeta', 1, 0, NULL, NULL, NULL),
  (435, 'Anupam', 1, 0, NULL, NULL, NULL),
  (435, 'Aman', 1, 0, NULL, NULL, NULL),
  (435, 'Amit', 1, 0, NULL, NULL, NULL),
  (436, 'Vineeta', 1, 1, 0.0025, 0.2, NULL),
  (436, 'Anupam', 1, 1, 0.0025, 0.2, NULL),
  (436, 'Aman', 1, 1, 0.0025, 0.2, NULL),
  (436, 'Peyush', 1, 1, 0.0025, 0.2, NULL),
  (436, 'Ritesh', 1, 1, 0.0025, 0.2, NULL),
  (437, 'Vineeta', 1, 0, NULL, NULL, NULL),
  (437, 'Anupam', 1, 0, NULL, NULL, NULL),
  (437, 'Aman', 1, 1, 30.0, 0.5, 25.0),
  (437, 'Peyush', 1, 0, NULL, NULL, NULL),
  (437, 'Ritesh', 1, 1, 30.0, 0.5, 25.0),
  (438, 'Vineeta', 1, 1, 20.0, 1.0, 30.0),
  (438, 'Anupam', 1, 0, NULL, NULL, NULL),
  (438, 'Aman', 1, 0, NULL, NULL, NULL),
  (438, 'Peyush', 1, 0, NULL, NULL, NULL),
  (438, 'Ritesh', 1, 0, NULL, NULL, NULL),
  (439, 'Namita', 1, 0, NULL, NULL, NULL),
  (439, 'Vineeta', 1, 0, NULL, NULL, NULL),
  (439, 'Anupam', 1, 0, NULL, NULL, NULL),
  (439, 'Aman', 1, 0, NULL, NULL, NULL),
  (440, 'Namita', 1, 0, NULL, NULL, NULL),
  (440, 'Vineeta', 1, 0, NULL, NULL, NULL),
  (440, 'Anupam', 1, 0, NULL, NULL, NULL),
  (440, 'Aman', 1, 0, NULL, NULL, NULL),
  (441, 'Namita', 1, 0, NULL, NULL, NULL),
  (441, 'Vineeta', 1, 0, NULL, NULL, NULL),
  (441, 'Anupam', 1, 1, 50.0, 5.0, 50.0),
  (441, 'Aman', 1, 0, NULL, NULL, NULL),
  (442, 'Namita', 1, 0, NULL, NULL, NULL),
  (442, 'Vineeta', 1, 0, NULL, NULL, NULL),
  (442, 'Anupam', 1, 0, NULL, NULL, NULL),
  (442, 'Aman', 1, 0, NULL, NULL, NULL),
  (442, 'Ritesh', 1, 1, 75.0, 5.0, 75.0),
  (443, 'Namita', 1, 1, 20.0, 4.0, 20.0),
  (443, 'Vineeta', 1, 1, 20.0, 4.0, 20.0),
  (443, 'Anupam', 1, 0, NULL, NULL, NULL),
  (443, 'Aman', 1, 0, NULL, NULL, NULL),
  (443, 'Ritesh', 1, 0, NULL, NULL, NULL),
  (444, 'Namita', 1, 0, NULL, NULL, NULL),
  (444, 'Vineeta', 1, 0, NULL, NULL, NULL),
  (444, 'Anupam', 1, 0, NULL, NULL, NULL),
  (444, 'Aman', 1, 0, NULL, NULL, NULL),
  (444, 'Ritesh', 1, 0, NULL, NULL, NULL),
  (445, 'Namita', 1, 0, NULL, NULL, NULL),
  (445, 'Vineeta', 1, 0, NULL, NULL, NULL),
  (445, 'Anupam', 1, 0, NULL, NULL, NULL),
  (445, 'Aman', 1, 1, 20.0, 1.0, 20.0),
  (445, 'Amit', 1, 1, 20.0, 1.0, 20.0),
  (446, 'Namita', 1, 1, 25.0, 1.25, 10.0),
  (446, 'Vineeta', 1, 0, NULL, NULL, NULL),
  (446, 'Anupam', 1, 0, NULL, NULL, NULL),
  (446, 'Aman', 1, 1, 25.0, 1.25, 10.0),
  (446, 'Amit', 1, 0, NULL, NULL, NULL),
  (447, 'Namita', 1, 0, NULL, NULL, NULL),
  (447, 'Vineeta', 1, 0, NULL, NULL, NULL),
  (447, 'Anupam', 1, 0, NULL, NULL, NULL),
  (447, 'Aman', 1, 0, NULL, NULL, NULL),
  (447, 'Amit', 1, 0, NULL, NULL, NULL),
  (448, 'Vineeta', 1, 0, NULL, NULL, NULL),
  (448, 'Aman', 1, 1, 20.0, 0.67, 80.0),
  (448, 'Peyush', 1, 0, NULL, NULL, NULL),
  (448, 'Ritesh', 1, 0, NULL, NULL, NULL),
  (449, 'Vineeta', 1, 0, NULL, NULL, NULL),
  (449, 'Aman', 1, 0, NULL, NULL, NULL),
  (449, 'Peyush', 1, 0, NULL, NULL, NULL),
  (449, 'Ritesh', 1, 1, 40.0, 3.0, 35.0),
  (450, 'Vineeta', 1, 0, NULL, NULL, NULL),
  (450, 'Aman', 1, 0, NULL, NULL, NULL),
  (450, 'Peyush', 1, 0, NULL, NULL, NULL),
  (450, 'Ritesh', 1, 1, 80.0, 1.0, NULL),
  (451, 'Namita', 1, 0, NULL, NULL, NULL),
  (451, 'Vineeta', 1, 0, NULL, NULL, NULL),
  (451, 'Anupam', 1, 0, NULL, NULL, NULL),
  (451, 'Aman', 1, 0, NULL, NULL, NULL),
  (451, 'Ritesh', 1, 0, NULL, NULL, NULL),
  (452, 'Namita', 1, 1, 36.0, 2.0, NULL),
  (452, 'Vineeta', 1, 0, NULL, NULL, NULL),
  (452, 'Anupam', 1, 0, NULL, NULL, NULL),
  (452, 'Aman', 1, 0, NULL, NULL, NULL),
  (452, 'Ritesh', 1, 1, 36.0, 2.0, NULL),
  (453, 'Namita', 1, 0, NULL, NULL, NULL),
  (453, 'Vineeta', 1, 0, NULL, NULL, NULL),
  (453, 'Anupam', 1, 0, NULL, NULL, NULL),
  (453, 'Aman', 1, 0, NULL, NULL, NULL),
  (453, 'Ritesh', 1, 0, NULL, NULL, NULL),
  (454, 'Namita', 1, 0, NULL, NULL, NULL),
  (454, 'Vineeta', 1, 1, 50.0, 5.0, NULL),
  (454, 'Anupam', 1, 0, NULL, NULL, NULL),
  (454, 'Aman', 1, 0, NULL, NULL, NULL),
  (454, 'Peyush', 1, 1, 50.0, 5.0, NULL),
  (455, 'Namita', 1, 1, 75.0, 15.0, NULL),
  (455, 'Vineeta', 1, 0, NULL, NULL, NULL),
  (455, 'Anupam', 1, 0, NULL, NULL, NULL),
  (455, 'Aman', 1, 0, NULL, NULL, NULL),
  (455, 'Peyush', 1, 0, NULL, NULL, NULL),
  (456, 'Namita', 1, 0, NULL, NULL, NULL),
  (456, 'Vineeta', 1, 0, NULL, NULL, NULL),
  (456, 'Anupam', 1, 1, 25.0, 5.0, 25.0),
  (456, 'Aman', 1, 0, NULL, NULL, NULL),
  (456, 'Peyush', 1, 1, 25.0, 5.0, 25.0),
  (457, 'Vineeta', 1, 1, 25.0, 2.0, NULL),
  (457, 'Anupam', 1, 0, NULL, NULL, NULL),
  (457, 'Aman', 1, 0, NULL, NULL, NULL),
  (457, 'Peyush', 1, 0, NULL, NULL, NULL),
  (457, 'Ritesh', 1, 1, 25.0, 2.0, NULL),
  (458, 'Vineeta', 1, 0, NULL, NULL, NULL),
  (458, 'Anupam', 1, 0, NULL, NULL, NULL),
  (458, 'Aman', 1, 0, NULL, NULL, NULL),
  (458, 'Peyush', 1, 0, NULL, NULL, NULL),
  (458, 'Ritesh', 1, 0, NULL, NULL, NULL),
  (459, 'Vineeta', 1, 0, NULL, NULL, NULL),
  (459, 'Anupam', 1, 0, NULL, NULL, NULL),
  (459, 'Aman', 1, 0, NULL, NULL, NULL),
  (459, 'Peyush', 1, 0, NULL, NULL, NULL),
  (459, 'Ritesh', 1, 1, 30.0, 2.5, 30.0),
  (460, 'Namita', 1, 0, NULL, NULL, NULL),
  (460, 'Vineeta', 1, 0, NULL, NULL, NULL),
  (460, 'Anupam', 1, 0, NULL, NULL, NULL),
  (460, 'Aman', 1, 0, NULL, NULL, NULL),
  (461, 'Namita', 1, 0, NULL, NULL, NULL),
  (461, 'Vineeta', 1, 0, NULL, NULL, NULL),
  (461, 'Anupam', 1, 0, NULL, NULL, NULL),
  (461, 'Aman', 1, 0, NULL, NULL, NULL),
  (462, 'Namita', 1, 0, NULL, NULL, NULL),
  (462, 'Vineeta', 1, 0, NULL, NULL, NULL),
  (462, 'Anupam', 1, 0, NULL, NULL, NULL),
  (462, 'Aman', 1, 0, NULL, NULL, NULL),
  (463, 'Namita', 1, 0, NULL, NULL, NULL),
  (463, 'Anupam', 1, 1, 33.33, 1.33, NULL),
  (463, 'Aman', 1, 1, 33.33, 1.33, NULL),
  (463, 'Ritesh', 1, 1, 33.33, 1.33, NULL),
  (463, 'Amit', 1, 0, NULL, NULL, NULL),
  (464, 'Namita', 1, 0, NULL, NULL, NULL),
  (464, 'Anupam', 1, 0, NULL, NULL, NULL),
  (464, 'Aman', 1, 0, NULL, NULL, NULL),
  (464, 'Ritesh', 1, 1, 50.0, 10.0, NULL),
  (464, 'Amit', 1, 0, NULL, NULL, NULL),
  (465, 'Namita', 1, 0, NULL, NULL, NULL),
  (465, 'Anupam', 1, 0, NULL, NULL, NULL),
  (465, 'Aman', 1, 0, NULL, NULL, NULL),
  (465, 'Ritesh', 1, 0, NULL, NULL, NULL),
  (465, 'Amit', 1, 0, NULL, NULL, NULL),
  (466, 'Vineeta', 1, 0, NULL, NULL, NULL),
  (466, 'Anupam', 1, 0, NULL, NULL, NULL),
  (466, 'Aman', 1, 0, NULL, NULL, NULL),
  (466, 'Peyush', 1, 0, NULL, NULL, NULL),
  (467, 'Vineeta', 1, 0, NULL, NULL, NULL),
  (467, 'Anupam', 1, 0, NULL, NULL, NULL),
  (467, 'Aman', 1, 0, NULL, NULL, NULL),
  (467, 'Peyush', 1, 0, NULL, NULL, NULL),
  (468, 'Vineeta', 1, 0, NULL, NULL, NULL),
  (468, 'Anupam', 1, 0, NULL, NULL, NULL),
  (468, 'Aman', 1, 0, NULL, NULL, NULL),
  (468, 'Peyush', 1, 0, NULL, NULL, NULL),
  (469, 'Namita', 1, 1, 25.0, 1.0, 12.5),
  (469, 'Vineeta', 1, 0, NULL, NULL, NULL),
  (469, 'Anupam', 1, 0, NULL, NULL, NULL),
  (469, 'Aman', 1, 1, 25.0, 1.0, 12.5),
  (469, 'Amit', 1, 0, NULL, NULL, NULL),
  (470, 'Namita', 1, 1, 20.0, 0.64, NULL),
  (470, 'Vineeta', 1, 1, 20.0, 0.64, NULL),
  (470, 'Anupam', 1, 1, 20.0, 0.64, NULL),
  (470, 'Aman', 1, 1, 20.0, 0.64, NULL),
  (470, 'Amit', 1, 1, 20.0, 0.64, NULL),
  (471, 'Namita', 1, 0, NULL, NULL, NULL),
  (471, 'Vineeta', 1, 0, NULL, NULL, NULL),
  (471, 'Anupam', 1, 0, NULL, NULL, NULL),
  (471, 'Aman', 1, 0, NULL, NULL, NULL),
  (471, 'Amit', 1, 0, NULL, NULL, NULL),
  (472, 'Namita', 1, 0, NULL, NULL, NULL),
  (472, 'Vineeta', 1, 0, NULL, NULL, NULL),
  (472, 'Anupam', 1, 0, NULL, NULL, NULL),
  (472, 'Aman', 1, 0, NULL, NULL, NULL),
  (473, 'Namita', 1, 1, 25.0, 1.0, NULL),
  (473, 'Vineeta', 1, 1, 25.0, 1.0, NULL),
  (473, 'Anupam', 1, 1, 25.0, 1.0, NULL),
  (473, 'Aman', 1, 0, NULL, NULL, NULL),
  (474, 'Namita', 1, 0, NULL, NULL, NULL),
  (474, 'Vineeta', 1, 0, NULL, NULL, NULL),
  (474, 'Anupam', 1, 0, NULL, NULL, NULL),
  (474, 'Aman', 1, 0, NULL, NULL, NULL),
  (475, 'Namita', 1, 0, NULL, NULL, NULL),
  (475, 'Vineeta', 1, 0, NULL, NULL, NULL),
  (475, 'Anupam', 1, 0, NULL, NULL, NULL),
  (475, 'Aman', 1, 0, NULL, NULL, NULL),
  (476, 'Namita', 1, 0, NULL, NULL, NULL),
  (476, 'Anupam', 1, 0, NULL, NULL, NULL),
  (476, 'Aman', 1, 1, 12.5, 4.0, NULL),
  (477, 'Namita', 1, 1, 40.0, 0.8, NULL),
  (477, 'Anupam', 1, 1, 40.0, 0.8, NULL),
  (477, 'Aman', 1, 1, 40.0, 0.8, NULL),
  (478, 'Namita', 1, 0, NULL, NULL, NULL),
  (478, 'Anupam', 1, 0, NULL, NULL, NULL),
  (478, 'Aman', 1, 0, NULL, NULL, NULL);